department_name,department_abbr,department_url,course_num,course_name,course_credit_type,course_myplan_url
Afro-American Studies (AFRAM),AFRAM,https://www.washington.edu/students/timeschd/WIN2021/afamst.html,AFRAM150,INTRO AF AM HISTORY ,I&S,https://myplan.uw.edu/course/#/courses/AFRAM150
Afro-American Studies (AFRAM),AFRAM,https://www.washington.edu/students/timeschd/WIN2021/afamst.html,AFRAM260,AF-AM FAMILIES,"I&S,DIV",https://myplan.uw.edu/course/#/courses/AFRAM260
Afro-American Studies (AFRAM),AFRAM,https://www.washington.edu/students/timeschd/WIN2021/afamst.html,AFRAM315,BLACK IDEN/POL POWR ,I&S,https://myplan.uw.edu/course/#/courses/AFRAM315
Afro-American Studies (AFRAM),AFRAM,https://www.washington.edu/students/timeschd/WIN2021/afamst.html,AFRAM334,CVL RTS & BLK POWER ,"VLPA/I&S,DIV",https://myplan.uw.edu/course/#/courses/AFRAM334
Afro-American Studies (AFRAM),AFRAM,https://www.washington.edu/students/timeschd/WIN2021/afamst.html,AFRAM499,IND STUDY & RESEARCH,,https://myplan.uw.edu/course/#/courses/AFRAM499
