department_name,department_abbr,department_url,course_num,course_name,course_credit_type,course_myplan_url
Architecture (ARCH),ARCH,https://www.washington.edu/students/timeschd/WIN2021/archit.html,ARCH150,APPREC OF ARCH I,VLPA,https://myplan.uw.edu/course/#/courses/ARCH150
Architecture (ARCH),ARCH,https://www.washington.edu/students/timeschd/WIN2021/archit.html,ARCH151,APPREC OF ARCH II,VLPA,https://myplan.uw.edu/course/#/courses/ARCH151
Architecture (ARCH),ARCH,https://www.washington.edu/students/timeschd/WIN2021/archit.html,ARCH201,ARCH DESIGN & REP 2 ,VLPA,https://myplan.uw.edu/course/#/courses/ARCH201
Architecture (ARCH),ARCH,https://www.washington.edu/students/timeschd/WIN2021/archit.html,ARCH301,INTRO ARCH DES II,,https://myplan.uw.edu/course/#/courses/ARCH301
Architecture (ARCH),ARCH,https://www.washington.edu/students/timeschd/WIN2021/archit.html,ARCH321,INTRO STRUCTURES II ,,https://myplan.uw.edu/course/#/courses/ARCH321
Architecture (ARCH),ARCH,https://www.washington.edu/students/timeschd/WIN2021/archit.html,ARCH351,WORLD ARCH 700-1750 ,VLPA/I&S,https://myplan.uw.edu/course/#/courses/ARCH351
Architecture (ARCH),ARCH,https://www.washington.edu/students/timeschd/WIN2021/archit.html,ARCH362,ARCHITECTURE THEORY ,,https://myplan.uw.edu/course/#/courses/ARCH362
Architecture (ARCH),ARCH,https://www.washington.edu/students/timeschd/WIN2021/archit.html,ARCH380,COMPUTERS IN ARCH,,https://myplan.uw.edu/course/#/courses/ARCH380
Architecture (ARCH),ARCH,https://www.washington.edu/students/timeschd/WIN2021/archit.html,ARCH401,ARCH DESIGN V,,https://myplan.uw.edu/course/#/courses/ARCH401
Architecture (ARCH),ARCH,https://www.washington.edu/students/timeschd/WIN2021/archit.html,ARCH404,INTEGRAT D/B STUDIO ,,https://myplan.uw.edu/course/#/courses/ARCH404
Architecture (ARCH),ARCH,https://www.washington.edu/students/timeschd/WIN2021/archit.html,ARCH410,INTRO ARCH PHOTO,VLPA,https://myplan.uw.edu/course/#/courses/ARCH410
Architecture (ARCH),ARCH,https://www.washington.edu/students/timeschd/WIN2021/archit.html,ARCH415,ARCH SKETCHING,,https://myplan.uw.edu/course/#/courses/ARCH415
Architecture (ARCH),ARCH,https://www.washington.edu/students/timeschd/WIN2021/archit.html,ARCH439,LIGHTING DESIGN,,https://myplan.uw.edu/course/#/courses/ARCH439
Architecture (ARCH),ARCH,https://www.washington.edu/students/timeschd/WIN2021/archit.html,ARCH452,SEATTLE ARCHITECTURE,I&S,https://myplan.uw.edu/course/#/courses/ARCH452
Architecture (ARCH),ARCH,https://www.washington.edu/students/timeschd/WIN2021/archit.html,ARCH460,DESGN THRY & ANALYS ,VLPA/I&S,https://myplan.uw.edu/course/#/courses/ARCH460
Architecture (ARCH),ARCH,https://www.washington.edu/students/timeschd/WIN2021/archit.html,ARCH468,ARCH CAPSTONE PREP,,https://myplan.uw.edu/course/#/courses/ARCH468
Architecture (ARCH),ARCH,https://www.washington.edu/students/timeschd/WIN2021/archit.html,ARCH487,FUNDAMENTALS OF BIM ,,https://myplan.uw.edu/course/#/courses/ARCH487
Architecture (ARCH),ARCH,https://www.washington.edu/students/timeschd/WIN2021/archit.html,ARCH498,SPECIAL PROJECTS,,https://myplan.uw.edu/course/#/courses/ARCH498
Architecture (ARCH),ARCH,https://www.washington.edu/students/timeschd/WIN2021/archit.html,ARCH499,UNDERGRAD RESEARCH,,https://myplan.uw.edu/course/#/courses/ARCH499
Architecture (ARCH),ARCH,https://www.washington.edu/students/timeschd/WIN2021/archit.html,ARCH501,ARCH FOUNDATION II,,https://myplan.uw.edu/course/#/courses/ARCH501
Architecture (ARCH),ARCH,https://www.washington.edu/students/timeschd/WIN2021/archit.html,ARCH504,ARCH INTEGRATION III,,https://myplan.uw.edu/course/#/courses/ARCH504
Architecture (ARCH),ARCH,https://www.washington.edu/students/timeschd/WIN2021/archit.html,ARCH507,ARCH RESEARCH ST I,,https://myplan.uw.edu/course/#/courses/ARCH507
Architecture (ARCH),ARCH,https://www.washington.edu/students/timeschd/WIN2021/archit.html,ARCH511,REPRESENTATION II,,https://myplan.uw.edu/course/#/courses/ARCH511
Architecture (ARCH),ARCH,https://www.washington.edu/students/timeschd/WIN2021/archit.html,ARCH521,DESIGN TECH II,,https://myplan.uw.edu/course/#/courses/ARCH521
Architecture (ARCH),ARCH,https://www.washington.edu/students/timeschd/WIN2021/archit.html,ARCH524,DESIGN TECH V,,https://myplan.uw.edu/course/#/courses/ARCH524
Architecture (ARCH),ARCH,https://www.washington.edu/students/timeschd/WIN2021/archit.html,ARCH526,HI PERFORMANCE BLDG ,,https://myplan.uw.edu/course/#/courses/ARCH526
Architecture (ARCH),ARCH,https://www.washington.edu/students/timeschd/WIN2021/archit.html,ARCH527,INTRO DIG DES & FAB ,,https://myplan.uw.edu/course/#/courses/ARCH527
Architecture (ARCH),ARCH,https://www.washington.edu/students/timeschd/WIN2021/archit.html,ARCH536,DES LIVING SYSTEMS,,https://myplan.uw.edu/course/#/courses/ARCH536
Architecture (ARCH),ARCH,https://www.washington.edu/students/timeschd/WIN2021/archit.html,ARCH551,HISTORY & THEORY II ,,https://myplan.uw.edu/course/#/courses/ARCH551
Architecture (ARCH),ARCH,https://www.washington.edu/students/timeschd/WIN2021/archit.html,ARCH561,URBAN DESIGN THEORY ,,https://myplan.uw.edu/course/#/courses/ARCH561
Architecture (ARCH),ARCH,https://www.washington.edu/students/timeschd/WIN2021/archit.html,ARCH570,DESIGN DEVELOPMENT,,https://myplan.uw.edu/course/#/courses/ARCH570
Architecture (ARCH),ARCH,https://www.washington.edu/students/timeschd/WIN2021/archit.html,ARCH587,DSGN COMPUT THEORY,,https://myplan.uw.edu/course/#/courses/ARCH587
Architecture (ARCH),ARCH,https://www.washington.edu/students/timeschd/WIN2021/archit.html,ARCH593,ARCH RESEARCH SEM I ,,https://myplan.uw.edu/course/#/courses/ARCH593
Architecture (ARCH),ARCH,https://www.washington.edu/students/timeschd/WIN2021/archit.html,ARCH597,RESEARCH PRACTICUM,,https://myplan.uw.edu/course/#/courses/ARCH597
Architecture (ARCH),ARCH,https://www.washington.edu/students/timeschd/WIN2021/archit.html,ARCH598,SPECIAL TOPICS,,https://myplan.uw.edu/course/#/courses/ARCH598
Architecture (ARCH),ARCH,https://www.washington.edu/students/timeschd/WIN2021/archit.html,ARCH599,IND THESIS RESEARCH ,,https://myplan.uw.edu/course/#/courses/ARCH599
Architecture (ARCH),ARCH,https://www.washington.edu/students/timeschd/WIN2021/archit.html,ARCH600,INDEPNDNT STDY/RSCH ,,https://myplan.uw.edu/course/#/courses/ARCH600
Architecture (ARCH),ARCH,https://www.washington.edu/students/timeschd/WIN2021/archit.html,ARCH700,MASTERS THESIS,,https://myplan.uw.edu/course/#/courses/ARCH700
