department_name,department_abbr,department_url,course_num,course_name,course_credit_type,course_myplan_url
Atmospheric Sciences (ATM S),ATM S,https://www.washington.edu/students/timeschd/WIN2021/atmos.html,ATMS101,WEATHER,NW,https://myplan.uw.edu/course/#/courses/ATMS101
Atmospheric Sciences (ATM S),ATM S,https://www.washington.edu/students/timeschd/WIN2021/atmos.html,ATMS111,GLOBAL WARMING,I&S/NW,https://myplan.uw.edu/course/#/courses/ATMS111
Atmospheric Sciences (ATM S),ATM S,https://www.washington.edu/students/timeschd/WIN2021/atmos.html,ATMS220,EXPLORING ATMOS SCI ,NW,https://myplan.uw.edu/course/#/courses/ATMS220
Atmospheric Sciences (ATM S),ATM S,https://www.washington.edu/students/timeschd/WIN2021/atmos.html,ATMS290,WEATHER CHALLENGE,NW,https://myplan.uw.edu/course/#/courses/ATMS290
Atmospheric Sciences (ATM S),ATM S,https://www.washington.edu/students/timeschd/WIN2021/atmos.html,ATMS340,THERMODYN & CLOUDS,NW,https://myplan.uw.edu/course/#/courses/ATMS340
Atmospheric Sciences (ATM S),ATM S,https://www.washington.edu/students/timeschd/WIN2021/atmos.html,ATMS350,ECOLOG CLIMATOLOGY,NW,https://myplan.uw.edu/course/#/courses/ATMS350
Atmospheric Sciences (ATM S),ATM S,https://www.washington.edu/students/timeschd/WIN2021/atmos.html,ATMS370,ATM STRUC AND ANALY ,NW,https://myplan.uw.edu/course/#/courses/ATMS370
Atmospheric Sciences (ATM S),ATM S,https://www.washington.edu/students/timeschd/WIN2021/atmos.html,ATMS390,H-TUTORIAL ATM SCI,,https://myplan.uw.edu/course/#/courses/ATMS390
Atmospheric Sciences (ATM S),ATM S,https://www.washington.edu/students/timeschd/WIN2021/atmos.html,ATMS442,ATMOS MOTIONS II,NW,https://myplan.uw.edu/course/#/courses/ATMS442
Atmospheric Sciences (ATM S),ATM S,https://www.washington.edu/students/timeschd/WIN2021/atmos.html,ATMS451,INSTRUMENTS OBS,NW,https://myplan.uw.edu/course/#/courses/ATMS451
Atmospheric Sciences (ATM S),ATM S,https://www.washington.edu/students/timeschd/WIN2021/atmos.html,ATMS475,CLMT SCI RSRCH SMNR ,,https://myplan.uw.edu/course/#/courses/ATMS475
Atmospheric Sciences (ATM S),ATM S,https://www.washington.edu/students/timeschd/WIN2021/atmos.html,ATMS490,WEATHER ANALYSIS,NW,https://myplan.uw.edu/course/#/courses/ATMS490
Atmospheric Sciences (ATM S),ATM S,https://www.washington.edu/students/timeschd/WIN2021/atmos.html,ATMS493,MTR/CLMTL SPEC PROB ,NW,https://myplan.uw.edu/course/#/courses/ATMS493
Atmospheric Sciences (ATM S),ATM S,https://www.washington.edu/students/timeschd/WIN2021/atmos.html,ATMS495,EARTHGAMES STUDIO,,https://myplan.uw.edu/course/#/courses/ATMS495
Atmospheric Sciences (ATM S),ATM S,https://www.washington.edu/students/timeschd/WIN2021/atmos.html,ATMS497,INTERNSHIP,,https://myplan.uw.edu/course/#/courses/ATMS497
Atmospheric Sciences (ATM S),ATM S,https://www.washington.edu/students/timeschd/WIN2021/atmos.html,ATMS499,UNDERGRAD RESEARCH,,https://myplan.uw.edu/course/#/courses/ATMS499
Atmospheric Sciences (ATM S),ATM S,https://www.washington.edu/students/timeschd/WIN2021/atmos.html,ATMS504,ATMOS MOTIONS II,,https://myplan.uw.edu/course/#/courses/ATMS504
Atmospheric Sciences (ATM S),ATM S,https://www.washington.edu/students/timeschd/WIN2021/atmos.html,ATMS509,GEOPHYS FLUID DYN I ,,https://myplan.uw.edu/course/#/courses/ATMS509
Atmospheric Sciences (ATM S),ATM S,https://www.washington.edu/students/timeschd/WIN2021/atmos.html,ATMS519,SCIENTIFIC WRITING,,https://myplan.uw.edu/course/#/courses/ATMS519
Atmospheric Sciences (ATM S),ATM S,https://www.washington.edu/students/timeschd/WIN2021/atmos.html,ATMS520,ATM S COLLOQUIUM,,https://myplan.uw.edu/course/#/courses/ATMS520
Atmospheric Sciences (ATM S),ATM S,https://www.washington.edu/students/timeschd/WIN2021/atmos.html,ATMS521,SMNR ATMOS& CLIM DYN,,https://myplan.uw.edu/course/#/courses/ATMS521
Atmospheric Sciences (ATM S),ATM S,https://www.washington.edu/students/timeschd/WIN2021/atmos.html,ATMS523,SMNR ATMS PHYS&CHEM ,,https://myplan.uw.edu/course/#/courses/ATMS523
Atmospheric Sciences (ATM S),ATM S,https://www.washington.edu/students/timeschd/WIN2021/atmos.html,ATMS532,ATMOS RAD-INTRO,,https://myplan.uw.edu/course/#/courses/ATMS532
Atmospheric Sciences (ATM S),ATM S,https://www.washington.edu/students/timeschd/WIN2021/atmos.html,ATMS552,OBJECTIVE ANALYSIS,,https://myplan.uw.edu/course/#/courses/ATMS552
Atmospheric Sciences (ATM S),ATM S,https://www.washington.edu/students/timeschd/WIN2021/atmos.html,ATMS558,ATM CHEMISTRY,,https://myplan.uw.edu/course/#/courses/ATMS558
Atmospheric Sciences (ATM S),ATM S,https://www.washington.edu/students/timeschd/WIN2021/atmos.html,ATMS575,LS DYNAM-TROP ATMOS ,,https://myplan.uw.edu/course/#/courses/ATMS575
Atmospheric Sciences (ATM S),ATM S,https://www.washington.edu/students/timeschd/WIN2021/atmos.html,ATMS586,CLIMATE SEMINAR,,https://myplan.uw.edu/course/#/courses/ATMS586
Atmospheric Sciences (ATM S),ATM S,https://www.washington.edu/students/timeschd/WIN2021/atmos.html,ATMS588,CARBON AND CLIMATE,,https://myplan.uw.edu/course/#/courses/ATMS588
Atmospheric Sciences (ATM S),ATM S,https://www.washington.edu/students/timeschd/WIN2021/atmos.html,ATMS589,PALEOCLIMATOLOGY,,https://myplan.uw.edu/course/#/courses/ATMS589
Atmospheric Sciences (ATM S),ATM S,https://www.washington.edu/students/timeschd/WIN2021/atmos.html,ATMS591,SPECIAL TOPICS,,https://myplan.uw.edu/course/#/courses/ATMS591
Atmospheric Sciences (ATM S),ATM S,https://www.washington.edu/students/timeschd/WIN2021/atmos.html,ATMS596,CLIMATE CAPSTONE,,https://myplan.uw.edu/course/#/courses/ATMS596
Atmospheric Sciences (ATM S),ATM S,https://www.washington.edu/students/timeschd/WIN2021/atmos.html,ATMS600,INDEPNDNT STDY/RSCH ,,https://myplan.uw.edu/course/#/courses/ATMS600
Atmospheric Sciences (ATM S),ATM S,https://www.washington.edu/students/timeschd/WIN2021/atmos.html,ATMS700,MASTERS THESIS,,https://myplan.uw.edu/course/#/courses/ATMS700
Atmospheric Sciences (ATM S),ATM S,https://www.washington.edu/students/timeschd/WIN2021/atmos.html,ATMS800,DOCTORAL DISSERTATN ,,https://myplan.uw.edu/course/#/courses/ATMS800
