department_name,department_abbr,department_url,course_num,course_name,course_credit_type,course_myplan_url
Bioengineering (BIOEN),BIOEN,https://www.washington.edu/students/timeschd/WIN2021/bioeng.html,BIOEN217,MATLAB FUNDAMENTALS ,,https://myplan.uw.edu/course/#/courses/BIOEN217
Bioengineering (BIOEN),BIOEN,https://www.washington.edu/students/timeschd/WIN2021/bioeng.html,BIOEN335,BIOTRANSPORT II,,https://myplan.uw.edu/course/#/courses/BIOEN335
Bioengineering (BIOEN),BIOEN,https://www.washington.edu/students/timeschd/WIN2021/bioeng.html,BIOEN336,SYSTEMS AND CONTROL ,,https://myplan.uw.edu/course/#/courses/BIOEN336
Bioengineering (BIOEN),BIOEN,https://www.washington.edu/students/timeschd/WIN2021/bioeng.html,BIOEN337,TRANS SYSTEMS LAB,,https://myplan.uw.edu/course/#/courses/BIOEN337
Bioengineering (BIOEN),BIOEN,https://www.washington.edu/students/timeschd/WIN2021/bioeng.html,BIOEN402,RESEARCH AND DESIGN ,,https://myplan.uw.edu/course/#/courses/BIOEN402
Bioengineering (BIOEN),BIOEN,https://www.washington.edu/students/timeschd/WIN2021/bioeng.html,BIOEN404,TEAM DESIGN I,,https://myplan.uw.edu/course/#/courses/BIOEN404
Bioengineering (BIOEN),BIOEN,https://www.washington.edu/students/timeschd/WIN2021/bioeng.html,BIOEN447,MRI & ULTRASOUND,,https://myplan.uw.edu/course/#/courses/BIOEN447
Bioengineering (BIOEN),BIOEN,https://www.washington.edu/students/timeschd/WIN2021/bioeng.html,BIOEN455,BIOMEMS,,https://myplan.uw.edu/course/#/courses/BIOEN455
Bioengineering (BIOEN),BIOEN,https://www.washington.edu/students/timeschd/WIN2021/bioeng.html,BIOEN463,OPTOGENETICS,,https://myplan.uw.edu/course/#/courses/BIOEN463
Bioengineering (BIOEN),BIOEN,https://www.washington.edu/students/timeschd/WIN2021/bioeng.html,BIOEN466,NEUROCOMP/ENGR LAB,NW,https://myplan.uw.edu/course/#/courses/BIOEN466
Bioengineering (BIOEN),BIOEN,https://www.washington.edu/students/timeschd/WIN2021/bioeng.html,BIOEN468,RT BIOSIGNAL PROC,,https://myplan.uw.edu/course/#/courses/BIOEN468
Bioengineering (BIOEN),BIOEN,https://www.washington.edu/students/timeschd/WIN2021/bioeng.html,BIOEN483,VASCULAR ENGINEERING,,https://myplan.uw.edu/course/#/courses/BIOEN483
Bioengineering (BIOEN),BIOEN,https://www.washington.edu/students/timeschd/WIN2021/bioeng.html,BIOEN487,BIOE & NANOTECH,,https://myplan.uw.edu/course/#/courses/BIOEN487
Bioengineering (BIOEN),BIOEN,https://www.washington.edu/students/timeschd/WIN2021/bioeng.html,BIOEN488,COMP PROTEIN DESIGN ,,https://myplan.uw.edu/course/#/courses/BIOEN488
Bioengineering (BIOEN),BIOEN,https://www.washington.edu/students/timeschd/WIN2021/bioeng.html,BIOEN491,CONTROLLED REL SYS,,https://myplan.uw.edu/course/#/courses/BIOEN491
Bioengineering (BIOEN),BIOEN,https://www.washington.edu/students/timeschd/WIN2021/bioeng.html,BIOEN498,SPECIAL TOPICS,,https://myplan.uw.edu/course/#/courses/BIOEN498
Bioengineering (BIOEN),BIOEN,https://www.washington.edu/students/timeschd/WIN2021/bioeng.html,BIOEN499,SPECIAL PROJECTS,,https://myplan.uw.edu/course/#/courses/BIOEN499
Bioengineering (BIOEN),BIOEN,https://www.washington.edu/students/timeschd/WIN2021/bioeng.html,BIOEN509,BIOEN DEPT SEMINAR,,https://myplan.uw.edu/course/#/courses/BIOEN509
Bioengineering (BIOEN),BIOEN,https://www.washington.edu/students/timeschd/WIN2021/bioeng.html,BIOEN511,BIOMATERIAL SEMINAR ,,https://myplan.uw.edu/course/#/courses/BIOEN511
Bioengineering (BIOEN),BIOEN,https://www.washington.edu/students/timeschd/WIN2021/bioeng.html,BIOEN530,BIOEN LIT ANALYSIS,,https://myplan.uw.edu/course/#/courses/BIOEN530
Bioengineering (BIOEN),BIOEN,https://www.washington.edu/students/timeschd/WIN2021/bioeng.html,BIOEN531,PROPOSAL WRITING,,https://myplan.uw.edu/course/#/courses/BIOEN531
Bioengineering (BIOEN),BIOEN,https://www.washington.edu/students/timeschd/WIN2021/bioeng.html,BIOEN542,DESIGN SKILLS II,,https://myplan.uw.edu/course/#/courses/BIOEN542
Bioengineering (BIOEN),BIOEN,https://www.washington.edu/students/timeschd/WIN2021/bioeng.html,BIOEN546,BIOMEDICAL IMAGING,,https://myplan.uw.edu/course/#/courses/BIOEN546
Bioengineering (BIOEN),BIOEN,https://www.washington.edu/students/timeschd/WIN2021/bioeng.html,BIOEN547,MRI & ULTRASOUND,,https://myplan.uw.edu/course/#/courses/BIOEN547
Bioengineering (BIOEN),BIOEN,https://www.washington.edu/students/timeschd/WIN2021/bioeng.html,BIOEN563,OPTOGENETICS,,https://myplan.uw.edu/course/#/courses/BIOEN563
Bioengineering (BIOEN),BIOEN,https://www.washington.edu/students/timeschd/WIN2021/bioeng.html,BIOEN566,NEUROCOMP/ENGR LAB,,https://myplan.uw.edu/course/#/courses/BIOEN566
Bioengineering (BIOEN),BIOEN,https://www.washington.edu/students/timeschd/WIN2021/bioeng.html,BIOEN568,RT BIOSIGNAL PROC,,https://myplan.uw.edu/course/#/courses/BIOEN568
Bioengineering (BIOEN),BIOEN,https://www.washington.edu/students/timeschd/WIN2021/bioeng.html,BIOEN573,BIOSENSORS,,https://myplan.uw.edu/course/#/courses/BIOEN573
Bioengineering (BIOEN),BIOEN,https://www.washington.edu/students/timeschd/WIN2021/bioeng.html,BIOEN579,HOST RESP BIOMAT,,https://myplan.uw.edu/course/#/courses/BIOEN579
Bioengineering (BIOEN),BIOEN,https://www.washington.edu/students/timeschd/WIN2021/bioeng.html,BIOEN583,VASCULAR ENGINEERING,,https://myplan.uw.edu/course/#/courses/BIOEN583
Bioengineering (BIOEN),BIOEN,https://www.washington.edu/students/timeschd/WIN2021/bioeng.html,BIOEN587,BIOE & NANOTECH,,https://myplan.uw.edu/course/#/courses/BIOEN587
Bioengineering (BIOEN),BIOEN,https://www.washington.edu/students/timeschd/WIN2021/bioeng.html,BIOEN588,COMP PROTEIN DESIGN ,,https://myplan.uw.edu/course/#/courses/BIOEN588
Bioengineering (BIOEN),BIOEN,https://www.washington.edu/students/timeschd/WIN2021/bioeng.html,BIOEN591,CONTROLLED REL SYS,,https://myplan.uw.edu/course/#/courses/BIOEN591
Bioengineering (BIOEN),BIOEN,https://www.washington.edu/students/timeschd/WIN2021/bioeng.html,BIOEN598,RESEARCH ROTATION,,https://myplan.uw.edu/course/#/courses/BIOEN598
Bioengineering (BIOEN),BIOEN,https://www.washington.edu/students/timeschd/WIN2021/bioeng.html,BIOEN599,SPEC TOPICS BIOENG,,https://myplan.uw.edu/course/#/courses/BIOEN599
Bioengineering (BIOEN),BIOEN,https://www.washington.edu/students/timeschd/WIN2021/bioeng.html,BIOEN600,INDEPNDNT STDY/RSCH ,,https://myplan.uw.edu/course/#/courses/BIOEN600
Bioengineering (BIOEN),BIOEN,https://www.washington.edu/students/timeschd/WIN2021/bioeng.html,BIOEN601,INTERNSHIP,,https://myplan.uw.edu/course/#/courses/BIOEN601
Bioengineering (BIOEN),BIOEN,https://www.washington.edu/students/timeschd/WIN2021/bioeng.html,BIOEN700,MASTER'S THESIS,,https://myplan.uw.edu/course/#/courses/BIOEN700
Bioengineering (BIOEN),BIOEN,https://www.washington.edu/students/timeschd/WIN2021/bioeng.html,BIOEN800,DOCTORAL DISSERTATN ,,https://myplan.uw.edu/course/#/courses/BIOEN800
