department_name,department_abbr,department_url,course_num,course_name,course_credit_type,course_myplan_url
Biology (BIOL),BIOL,https://www.washington.edu/students/timeschd/WIN2021/biology.html,BIOL103,SEX DEATH EVOLUTION ,NW,https://myplan.uw.edu/course/#/courses/BIOL103
Biology (BIOL),BIOL,https://www.washington.edu/students/timeschd/WIN2021/biology.html,BIOL106,INTRO BIO SEMINAR,NW,https://myplan.uw.edu/course/#/courses/BIOL106
Biology (BIOL),BIOL,https://www.washington.edu/students/timeschd/WIN2021/biology.html,BIOL107,BIOLOGY OF VACCINES ,NW,https://myplan.uw.edu/course/#/courses/BIOL107
Biology (BIOL),BIOL,https://www.washington.edu/students/timeschd/WIN2021/biology.html,BIOL118,SURVEY OF PHYSIOL,NW,https://myplan.uw.edu/course/#/courses/BIOL118
Biology (BIOL),BIOL,https://www.washington.edu/students/timeschd/WIN2021/biology.html,BIOL119,ELEM PHYSIOL LAB,NW,https://myplan.uw.edu/course/#/courses/BIOL119
Biology (BIOL),BIOL,https://www.washington.edu/students/timeschd/WIN2021/biology.html,BIOL180,INTRO BIOLOGY,NW,https://myplan.uw.edu/course/#/courses/BIOL180
Biology (BIOL),BIOL,https://www.washington.edu/students/timeschd/WIN2021/biology.html,BIOL200,INTRO BIOL,NW,https://myplan.uw.edu/course/#/courses/BIOL200
Biology (BIOL),BIOL,https://www.washington.edu/students/timeschd/WIN2021/biology.html,BIOL220,INTRO BIOL,NW,https://myplan.uw.edu/course/#/courses/BIOL220
Biology (BIOL),BIOL,https://www.washington.edu/students/timeschd/WIN2021/biology.html,BIOL302,LAB TECHNIQS IN CMB ,NW,https://myplan.uw.edu/course/#/courses/BIOL302
Biology (BIOL),BIOL,https://www.washington.edu/students/timeschd/WIN2021/biology.html,BIOL350,FOUNDTNS PHYSIOLOGY ,NW,https://myplan.uw.edu/course/#/courses/BIOL350
Biology (BIOL),BIOL,https://www.washington.edu/students/timeschd/WIN2021/biology.html,BIOL354,EVOL AND SYSTEMATICS,NW,https://myplan.uw.edu/course/#/courses/BIOL354
Biology (BIOL),BIOL,https://www.washington.edu/students/timeschd/WIN2021/biology.html,BIOL355,FNDATION MOL CEL BIO,NW,https://myplan.uw.edu/course/#/courses/BIOL355
Biology (BIOL),BIOL,https://www.washington.edu/students/timeschd/WIN2021/biology.html,BIOL359,QUANTITATIVE BIOLOGY,"NW,QSR",https://myplan.uw.edu/course/#/courses/BIOL359
Biology (BIOL),BIOL,https://www.washington.edu/students/timeschd/WIN2021/biology.html,BIOL382,ATHLET TRAIN (UPPER),,https://myplan.uw.edu/course/#/courses/BIOL382
Biology (BIOL),BIOL,https://www.washington.edu/students/timeschd/WIN2021/biology.html,BIOL396,PEER FACILITATION,NW,https://myplan.uw.edu/course/#/courses/BIOL396
Biology (BIOL),BIOL,https://www.washington.edu/students/timeschd/WIN2021/biology.html,BIOL399,BIOLOGY INTERNSHIP,NW,https://myplan.uw.edu/course/#/courses/BIOL399
Biology (BIOL),BIOL,https://www.washington.edu/students/timeschd/WIN2021/biology.html,BIOL401,ADV CELL BIOLOGY,NW,https://myplan.uw.edu/course/#/courses/BIOL401
Biology (BIOL),BIOL,https://www.washington.edu/students/timeschd/WIN2021/biology.html,BIOL405,CEL&MOL BIO DISEASE ,NW,https://myplan.uw.edu/course/#/courses/BIOL405
Biology (BIOL),BIOL,https://www.washington.edu/students/timeschd/WIN2021/biology.html,BIOL408,NEUROETHOLOGY,NW,https://myplan.uw.edu/course/#/courses/BIOL408
Biology (BIOL),BIOL,https://www.washington.edu/students/timeschd/WIN2021/biology.html,BIOL415,EVOLUTION & DEVELOP ,NW,https://myplan.uw.edu/course/#/courses/BIOL415
Biology (BIOL),BIOL,https://www.washington.edu/students/timeschd/WIN2021/biology.html,BIOL423,MARINE ECOL PROCESS ,NW,https://myplan.uw.edu/course/#/courses/BIOL423
Biology (BIOL),BIOL,https://www.washington.edu/students/timeschd/WIN2021/biology.html,BIOL424,PLANT ECOPHYSIOLOGY ,NW,https://myplan.uw.edu/course/#/courses/BIOL424
Biology (BIOL),BIOL,https://www.washington.edu/students/timeschd/WIN2021/biology.html,BIOL425,PLANT PHYSIOL & DEV ,NW,https://myplan.uw.edu/course/#/courses/BIOL425
Biology (BIOL),BIOL,https://www.washington.edu/students/timeschd/WIN2021/biology.html,BIOL431,BIO OF CANNABINOIDS ,NW,https://myplan.uw.edu/course/#/courses/BIOL431
Biology (BIOL),BIOL,https://www.washington.edu/students/timeschd/WIN2021/biology.html,BIOL434,INVERTEBRATE ZOOL,NW,https://myplan.uw.edu/course/#/courses/BIOL434
Biology (BIOL),BIOL,https://www.washington.edu/students/timeschd/WIN2021/biology.html,BIOL448,MAMMALOGY,NW,https://myplan.uw.edu/course/#/courses/BIOL448
Biology (BIOL),BIOL,https://www.washington.edu/students/timeschd/WIN2021/biology.html,BIOL450,VERTE PALEO,NW,https://myplan.uw.edu/course/#/courses/BIOL450
Biology (BIOL),BIOL,https://www.washington.edu/students/timeschd/WIN2021/biology.html,BIOL451,INVERT PALEONTOLOGY ,NW,https://myplan.uw.edu/course/#/courses/BIOL451
Biology (BIOL),BIOL,https://www.washington.edu/students/timeschd/WIN2021/biology.html,BIOL453,CMPR ANAT VERTS,NW,https://myplan.uw.edu/course/#/courses/BIOL453
Biology (BIOL),BIOL,https://www.washington.edu/students/timeschd/WIN2021/biology.html,BIOL455,BIO HUMAN IMMUNOPATH,NW,https://myplan.uw.edu/course/#/courses/BIOL455
Biology (BIOL),BIOL,https://www.washington.edu/students/timeschd/WIN2021/biology.html,BIOL457,CHEM COMMUNICATION,NW,https://myplan.uw.edu/course/#/courses/BIOL457
Biology (BIOL),BIOL,https://www.washington.edu/students/timeschd/WIN2021/biology.html,BIOL459,DEVLPMNTL NEUROBIOL ,NW,https://myplan.uw.edu/course/#/courses/BIOL459
Biology (BIOL),BIOL,https://www.washington.edu/students/timeschd/WIN2021/biology.html,BIOL460,MAMMALIAN PHYSIOL,NW,https://myplan.uw.edu/course/#/courses/BIOL460
Biology (BIOL),BIOL,https://www.washington.edu/students/timeschd/WIN2021/biology.html,BIOL461,NEUROBIOLOGY,NW,https://myplan.uw.edu/course/#/courses/BIOL461
Biology (BIOL),BIOL,https://www.washington.edu/students/timeschd/WIN2021/biology.html,BIOL466,EMERGING DISEASES,NW,https://myplan.uw.edu/course/#/courses/BIOL466
Biology (BIOL),BIOL,https://www.washington.edu/students/timeschd/WIN2021/biology.html,BIOL477,MARINE BIOL SEMINAR ,NW,https://myplan.uw.edu/course/#/courses/BIOL477
Biology (BIOL),BIOL,https://www.washington.edu/students/timeschd/WIN2021/biology.html,BIOL478,SUSTAINABLE FISH,I&S/NW,https://myplan.uw.edu/course/#/courses/BIOL478
Biology (BIOL),BIOL,https://www.washington.edu/students/timeschd/WIN2021/biology.html,BIOL479,MARINE BIO RESEARCH ,,https://myplan.uw.edu/course/#/courses/BIOL479
Biology (BIOL),BIOL,https://www.washington.edu/students/timeschd/WIN2021/biology.html,BIOL483,PALEOBIOLOGY SEMINAR,,https://myplan.uw.edu/course/#/courses/BIOL483
Biology (BIOL),BIOL,https://www.washington.edu/students/timeschd/WIN2021/biology.html,BIOL497,SPECIAL TOPICS,NW,https://myplan.uw.edu/course/#/courses/BIOL497
Biology (BIOL),BIOL,https://www.washington.edu/students/timeschd/WIN2021/biology.html,BIOL498,LIBRARY RESEARCH,,https://myplan.uw.edu/course/#/courses/BIOL498
Biology (BIOL),BIOL,https://www.washington.edu/students/timeschd/WIN2021/biology.html,BIOL499,UNDERGRAD RESEARCH,,https://myplan.uw.edu/course/#/courses/BIOL499
Biology (BIOL),BIOL,https://www.washington.edu/students/timeschd/WIN2021/biology.html,BIOL500,TOPICS IN BIOLOGY,,https://myplan.uw.edu/course/#/courses/BIOL500
Biology (BIOL),BIOL,https://www.washington.edu/students/timeschd/WIN2021/biology.html,BIOL501,BIO INSTRUCTION,,https://myplan.uw.edu/course/#/courses/BIOL501
Biology (BIOL),BIOL,https://www.washington.edu/students/timeschd/WIN2021/biology.html,BIOL502,GRANT WRITING,,https://myplan.uw.edu/course/#/courses/BIOL502
Biology (BIOL),BIOL,https://www.washington.edu/students/timeschd/WIN2021/biology.html,BIOL504,MENTORED READING,,https://myplan.uw.edu/course/#/courses/BIOL504
Biology (BIOL),BIOL,https://www.washington.edu/students/timeschd/WIN2021/biology.html,BIOL505,EVIDBASED TEACH BIOL,,https://myplan.uw.edu/course/#/courses/BIOL505
Biology (BIOL),BIOL,https://www.washington.edu/students/timeschd/WIN2021/biology.html,BIOL506,MANUSCRIPT WRITING,,https://myplan.uw.edu/course/#/courses/BIOL506
Biology (BIOL),BIOL,https://www.washington.edu/students/timeschd/WIN2021/biology.html,BIOL520,DEPT SEMINAR,,https://myplan.uw.edu/course/#/courses/BIOL520
Biology (BIOL),BIOL,https://www.washington.edu/students/timeschd/WIN2021/biology.html,BIOL541,TOPICS IN MCD BIO,,https://myplan.uw.edu/course/#/courses/BIOL541
Biology (BIOL),BIOL,https://www.washington.edu/students/timeschd/WIN2021/biology.html,BIOL543,BIOL OF DROSOPHILA,,https://myplan.uw.edu/course/#/courses/BIOL543
Biology (BIOL),BIOL,https://www.washington.edu/students/timeschd/WIN2021/biology.html,BIOL550,EVOLU & SYSTEM SMNR ,,https://myplan.uw.edu/course/#/courses/BIOL550
Biology (BIOL),BIOL,https://www.washington.edu/students/timeschd/WIN2021/biology.html,BIOL551,TOPICS EVOLU&SYSTEM ,,https://myplan.uw.edu/course/#/courses/BIOL551
Biology (BIOL),BIOL,https://www.washington.edu/students/timeschd/WIN2021/biology.html,BIOL553,APPLD PHYLOGENETICS ,,https://myplan.uw.edu/course/#/courses/BIOL553
Biology (BIOL),BIOL,https://www.washington.edu/students/timeschd/WIN2021/biology.html,BIOL557,VERTE PALEO,,https://myplan.uw.edu/course/#/courses/BIOL557
Biology (BIOL),BIOL,https://www.washington.edu/students/timeschd/WIN2021/biology.html,BIOL560,SEMINAR IN ECOLOGY,,https://myplan.uw.edu/course/#/courses/BIOL560
Biology (BIOL),BIOL,https://www.washington.edu/students/timeschd/WIN2021/biology.html,BIOL561,TOPICS IN ECOLOGY,,https://myplan.uw.edu/course/#/courses/BIOL561
Biology (BIOL),BIOL,https://www.washington.edu/students/timeschd/WIN2021/biology.html,BIOL570,CONSERV BIO SEMINAR ,,https://myplan.uw.edu/course/#/courses/BIOL570
Biology (BIOL),BIOL,https://www.washington.edu/students/timeschd/WIN2021/biology.html,BIOL571,TOPICS CONSERV BIO,,https://myplan.uw.edu/course/#/courses/BIOL571
Biology (BIOL),BIOL,https://www.washington.edu/students/timeschd/WIN2021/biology.html,BIOL580,PHYSIOLOGY SEMINAR,,https://myplan.uw.edu/course/#/courses/BIOL580
Biology (BIOL),BIOL,https://www.washington.edu/students/timeschd/WIN2021/biology.html,BIOL581,TOPICS IN PHYSIO,,https://myplan.uw.edu/course/#/courses/BIOL581
Biology (BIOL),BIOL,https://www.washington.edu/students/timeschd/WIN2021/biology.html,BIOL591,TOPICS ORGANISM BIO ,,https://myplan.uw.edu/course/#/courses/BIOL591
Biology (BIOL),BIOL,https://www.washington.edu/students/timeschd/WIN2021/biology.html,BIOL600,INDEPNDNT STDY/RSCH ,,https://myplan.uw.edu/course/#/courses/BIOL600
Biology (BIOL),BIOL,https://www.washington.edu/students/timeschd/WIN2021/biology.html,BIOL700,MASTERS THESIS,,https://myplan.uw.edu/course/#/courses/BIOL700
Biology (BIOL),BIOL,https://www.washington.edu/students/timeschd/WIN2021/biology.html,BIOL800,DOCTORAL DISSERTATN ,,https://myplan.uw.edu/course/#/courses/BIOL800
