department_name,department_abbr,department_url,course_num,course_name,course_credit_type,course_myplan_url
Chemistry (CHEM),CHEM,https://www.washington.edu/students/timeschd/WIN2021/chem.html,CHEM110,PREP GEN CHEM,NW,https://myplan.uw.edu/course/#/courses/CHEM110
Chemistry (CHEM),CHEM,https://www.washington.edu/students/timeschd/WIN2021/chem.html,CHEM142,GENERAL CHEMISTRY,"NW,QSR",https://myplan.uw.edu/course/#/courses/CHEM142
Chemistry (CHEM),CHEM,https://www.washington.edu/students/timeschd/WIN2021/chem.html,CHEM152,GENERAL CHEMISTRY,"NW,QSR",https://myplan.uw.edu/course/#/courses/CHEM152
Chemistry (CHEM),CHEM,https://www.washington.edu/students/timeschd/WIN2021/chem.html,CHEM153,ACCELERATD GEN CHEM ,NW,https://myplan.uw.edu/course/#/courses/CHEM153
Chemistry (CHEM),CHEM,https://www.washington.edu/students/timeschd/WIN2021/chem.html,CHEM155,H-GENERAL CHEMISTRY ,"NW,QSR",https://myplan.uw.edu/course/#/courses/CHEM155
Chemistry (CHEM),CHEM,https://www.washington.edu/students/timeschd/WIN2021/chem.html,CHEM162,GENERAL CHEMISTRY,"NW,QSR",https://myplan.uw.edu/course/#/courses/CHEM162
Chemistry (CHEM),CHEM,https://www.washington.edu/students/timeschd/WIN2021/chem.html,CHEM198,TUTORIAL STUDY,,https://myplan.uw.edu/course/#/courses/CHEM198
Chemistry (CHEM),CHEM,https://www.washington.edu/students/timeschd/WIN2021/chem.html,CHEM199,SPECIAL PROBLEMS,,https://myplan.uw.edu/course/#/courses/CHEM199
Chemistry (CHEM),CHEM,https://www.washington.edu/students/timeschd/WIN2021/chem.html,CHEM220,PRINCIPLES CHEM II,NW,https://myplan.uw.edu/course/#/courses/CHEM220
Chemistry (CHEM),CHEM,https://www.washington.edu/students/timeschd/WIN2021/chem.html,CHEM224,ORG CHEM SHORT PROG ,NW,https://myplan.uw.edu/course/#/courses/CHEM224
Chemistry (CHEM),CHEM,https://www.washington.edu/students/timeschd/WIN2021/chem.html,CHEM237,ORGANIC CHEMISTRY,NW,https://myplan.uw.edu/course/#/courses/CHEM237
Chemistry (CHEM),CHEM,https://www.washington.edu/students/timeschd/WIN2021/chem.html,CHEM238,ORGANIC CHEMISTRY,NW,https://myplan.uw.edu/course/#/courses/CHEM238
Chemistry (CHEM),CHEM,https://www.washington.edu/students/timeschd/WIN2021/chem.html,CHEM239,ORGANIC CHEMISTRY,NW,https://myplan.uw.edu/course/#/courses/CHEM239
Chemistry (CHEM),CHEM,https://www.washington.edu/students/timeschd/WIN2021/chem.html,CHEM241,ORGANIC CHEM LAB,NW,https://myplan.uw.edu/course/#/courses/CHEM241
Chemistry (CHEM),CHEM,https://www.washington.edu/students/timeschd/WIN2021/chem.html,CHEM242,ORGANIC CHEM LAB,NW,https://myplan.uw.edu/course/#/courses/CHEM242
Chemistry (CHEM),CHEM,https://www.washington.edu/students/timeschd/WIN2021/chem.html,CHEM299,SPEC PROBS/RPT WRTG ,,https://myplan.uw.edu/course/#/courses/CHEM299
Chemistry (CHEM),CHEM,https://www.washington.edu/students/timeschd/WIN2021/chem.html,CHEM312,INORGANIC CHEMISTRY ,NW,https://myplan.uw.edu/course/#/courses/CHEM312
Chemistry (CHEM),CHEM,https://www.washington.edu/students/timeschd/WIN2021/chem.html,CHEM317,INORGANIC CHEM LAB,NW,https://myplan.uw.edu/course/#/courses/CHEM317
Chemistry (CHEM),CHEM,https://www.washington.edu/students/timeschd/WIN2021/chem.html,CHEM321,QUANTITATIVE ANLYS,NW,https://myplan.uw.edu/course/#/courses/CHEM321
Chemistry (CHEM),CHEM,https://www.washington.edu/students/timeschd/WIN2021/chem.html,CHEM336,H-ORGANIC CHEMISTRY ,NW,https://myplan.uw.edu/course/#/courses/CHEM336
Chemistry (CHEM),CHEM,https://www.washington.edu/students/timeschd/WIN2021/chem.html,CHEM346,H-ORGANIC CHEM LAB,NW,https://myplan.uw.edu/course/#/courses/CHEM346
Chemistry (CHEM),CHEM,https://www.washington.edu/students/timeschd/WIN2021/chem.html,CHEM399,UNDERGRAD RESEARCH,,https://myplan.uw.edu/course/#/courses/CHEM399
Chemistry (CHEM),CHEM,https://www.washington.edu/students/timeschd/WIN2021/chem.html,CHEM417,ORGANOMETALLIC CHEM ,NW,https://myplan.uw.edu/course/#/courses/CHEM417
Chemistry (CHEM),CHEM,https://www.washington.edu/students/timeschd/WIN2021/chem.html,CHEM418,NUCLEAR CHEMISTRY,NW,https://myplan.uw.edu/course/#/courses/CHEM418
Chemistry (CHEM),CHEM,https://www.washington.edu/students/timeschd/WIN2021/chem.html,CHEM422,ANLYTIC SPECTROSCOPY,NW,https://myplan.uw.edu/course/#/courses/CHEM422
Chemistry (CHEM),CHEM,https://www.washington.edu/students/timeschd/WIN2021/chem.html,CHEM426,INSTRUMENTAL ANLYS,NW,https://myplan.uw.edu/course/#/courses/CHEM426
Chemistry (CHEM),CHEM,https://www.washington.edu/students/timeschd/WIN2021/chem.html,CHEM431,ADV SYN ORGNC CHEM,NW,https://myplan.uw.edu/course/#/courses/CHEM431
Chemistry (CHEM),CHEM,https://www.washington.edu/students/timeschd/WIN2021/chem.html,CHEM436,CHEMICAL BIOLOGY,NW,https://myplan.uw.edu/course/#/courses/CHEM436
Chemistry (CHEM),CHEM,https://www.washington.edu/students/timeschd/WIN2021/chem.html,CHEM452,PHYS CHEM BIOC I,NW,https://myplan.uw.edu/course/#/courses/CHEM452
Chemistry (CHEM),CHEM,https://www.washington.edu/students/timeschd/WIN2021/chem.html,CHEM453,PHYS CHEM BIOC II,NW,https://myplan.uw.edu/course/#/courses/CHEM453
Chemistry (CHEM),CHEM,https://www.washington.edu/students/timeschd/WIN2021/chem.html,CHEM456,PHYSICAL CHEMISTRY,NW,https://myplan.uw.edu/course/#/courses/CHEM456
Chemistry (CHEM),CHEM,https://www.washington.edu/students/timeschd/WIN2021/chem.html,CHEM463,SPECTRO TECHNIQUES,NW,https://myplan.uw.edu/course/#/courses/CHEM463
Chemistry (CHEM),CHEM,https://www.washington.edu/students/timeschd/WIN2021/chem.html,CHEM465,COMPUTATIONAL CHEM,NW,https://myplan.uw.edu/course/#/courses/CHEM465
Chemistry (CHEM),CHEM,https://www.washington.edu/students/timeschd/WIN2021/chem.html,CHEM499,UG RES/REPORT WRTG,,https://myplan.uw.edu/course/#/courses/CHEM499
Chemistry (CHEM),CHEM,https://www.washington.edu/students/timeschd/WIN2021/chem.html,CHEM517,ORGANOMETALLICS,,https://myplan.uw.edu/course/#/courses/CHEM517
Chemistry (CHEM),CHEM,https://www.washington.edu/students/timeschd/WIN2021/chem.html,CHEM522,ANLYT SPECTROSCOPY,,https://myplan.uw.edu/course/#/courses/CHEM522
Chemistry (CHEM),CHEM,https://www.washington.edu/students/timeschd/WIN2021/chem.html,CHEM531,ADV SYN ORGNC CHEM,,https://myplan.uw.edu/course/#/courses/CHEM531
Chemistry (CHEM),CHEM,https://www.washington.edu/students/timeschd/WIN2021/chem.html,CHEM536,CHEMICAL BIOLOGY,,https://myplan.uw.edu/course/#/courses/CHEM536
Chemistry (CHEM),CHEM,https://www.washington.edu/students/timeschd/WIN2021/chem.html,CHEM545,DATA SCI CLEAN ENRG ,,https://myplan.uw.edu/course/#/courses/CHEM545
Chemistry (CHEM),CHEM,https://www.washington.edu/students/timeschd/WIN2021/chem.html,CHEM546,SW ENGR MOL DATA SCI,,https://myplan.uw.edu/course/#/courses/CHEM546
Chemistry (CHEM),CHEM,https://www.washington.edu/students/timeschd/WIN2021/chem.html,CHEM551,INTRO QUANTUM CHEM,,https://myplan.uw.edu/course/#/courses/CHEM551
Chemistry (CHEM),CHEM,https://www.washington.edu/students/timeschd/WIN2021/chem.html,CHEM552,STATISTCL MECHANICS ,,https://myplan.uw.edu/course/#/courses/CHEM552
Chemistry (CHEM),CHEM,https://www.washington.edu/students/timeschd/WIN2021/chem.html,CHEM564,ELECT/PHOTONIC MTLS ,,https://myplan.uw.edu/course/#/courses/CHEM564
Chemistry (CHEM),CHEM,https://www.washington.edu/students/timeschd/WIN2021/chem.html,CHEM565,COMPUTATIONAL CHEM,,https://myplan.uw.edu/course/#/courses/CHEM565
Chemistry (CHEM),CHEM,https://www.washington.edu/students/timeschd/WIN2021/chem.html,CHEM571,RESEARCH,,https://myplan.uw.edu/course/#/courses/CHEM571
Chemistry (CHEM),CHEM,https://www.washington.edu/students/timeschd/WIN2021/chem.html,CHEM573,ORGANIC/BIOL RESRCH ,,https://myplan.uw.edu/course/#/courses/CHEM573
Chemistry (CHEM),CHEM,https://www.washington.edu/students/timeschd/WIN2021/chem.html,CHEM574,SPECTROSCOPY RESERCH,,https://myplan.uw.edu/course/#/courses/CHEM574
Chemistry (CHEM),CHEM,https://www.washington.edu/students/timeschd/WIN2021/chem.html,CHEM575,RESEARCH COMPUTATION,,https://myplan.uw.edu/course/#/courses/CHEM575
Chemistry (CHEM),CHEM,https://www.washington.edu/students/timeschd/WIN2021/chem.html,CHEM578,RESRCH MATERIAL CHEM,,https://myplan.uw.edu/course/#/courses/CHEM578
Chemistry (CHEM),CHEM,https://www.washington.edu/students/timeschd/WIN2021/chem.html,CHEM581,PREP 2ND YEAR EXAM,,https://myplan.uw.edu/course/#/courses/CHEM581
Chemistry (CHEM),CHEM,https://www.washington.edu/students/timeschd/WIN2021/chem.html,CHEM590,SMNR GENERAL CHEM,,https://myplan.uw.edu/course/#/courses/CHEM590
Chemistry (CHEM),CHEM,https://www.washington.edu/students/timeschd/WIN2021/chem.html,CHEM591,SMNR INORGANIC CHEM ,,https://myplan.uw.edu/course/#/courses/CHEM591
Chemistry (CHEM),CHEM,https://www.washington.edu/students/timeschd/WIN2021/chem.html,CHEM592,SMNR ANALYTCL CHEM,,https://myplan.uw.edu/course/#/courses/CHEM592
Chemistry (CHEM),CHEM,https://www.washington.edu/students/timeschd/WIN2021/chem.html,CHEM593,SMNR ORGANIC CHEM,,https://myplan.uw.edu/course/#/courses/CHEM593
Chemistry (CHEM),CHEM,https://www.washington.edu/students/timeschd/WIN2021/chem.html,CHEM595,SMNR PHYSICAL CHEM,,https://myplan.uw.edu/course/#/courses/CHEM595
Chemistry (CHEM),CHEM,https://www.washington.edu/students/timeschd/WIN2021/chem.html,CHEM597,SEMINAR IN MOLENG,,https://myplan.uw.edu/course/#/courses/CHEM597
Chemistry (CHEM),CHEM,https://www.washington.edu/students/timeschd/WIN2021/chem.html,CHEM600,INDEPNDNT STDY/RSCH ,,https://myplan.uw.edu/course/#/courses/CHEM600
Chemistry (CHEM),CHEM,https://www.washington.edu/students/timeschd/WIN2021/chem.html,CHEM700,MASTERS THESIS,,https://myplan.uw.edu/course/#/courses/CHEM700
Chemistry (CHEM),CHEM,https://www.washington.edu/students/timeschd/WIN2021/chem.html,CHEM800,DOCTORAL DISSERTATN ,,https://myplan.uw.edu/course/#/courses/CHEM800
