department_name,department_abbr,department_url,course_num,course_name,course_credit_type,course_myplan_url
Dental Hygiene (D HYG),D HYG,https://www.washington.edu/students/timeschd/WIN2021/denthy.html,DHYG500,DENTAL HYG SEMINAR,,https://myplan.uw.edu/course/#/courses/DHYG500
Dental Hygiene (D HYG),D HYG,https://www.washington.edu/students/timeschd/WIN2021/denthy.html,DHYG501,CAPSTONE I,,https://myplan.uw.edu/course/#/courses/DHYG501
Dental Hygiene (D HYG),D HYG,https://www.washington.edu/students/timeschd/WIN2021/denthy.html,DHYG502,CAPSTONE II,,https://myplan.uw.edu/course/#/courses/DHYG502
Dental Hygiene (D HYG),D HYG,https://www.washington.edu/students/timeschd/WIN2021/denthy.html,DHYG503,CAPSTONE III,,https://myplan.uw.edu/course/#/courses/DHYG503
Dental Hygiene (D HYG),D HYG,https://www.washington.edu/students/timeschd/WIN2021/denthy.html,DHYG595,INTERNSHIP,,https://myplan.uw.edu/course/#/courses/DHYG595
