department_name,department_abbr,department_url,course_num,course_name,course_credit_type,course_myplan_url
Dance (DANCE),DANCE,https://www.washington.edu/students/timeschd/WIN2021/dance.html,DANCE101,DANC AMER EXPERIENC ,VLPA,https://myplan.uw.edu/course/#/courses/DANCE101
Dance (DANCE),DANCE,https://www.washington.edu/students/timeschd/WIN2021/dance.html,DANCE102,INTRO CONTEMP MODERN,VLPA,https://myplan.uw.edu/course/#/courses/DANCE102
Dance (DANCE),DANCE,https://www.washington.edu/students/timeschd/WIN2021/dance.html,DANCE103,INTRO TO BALLET,VLPA,https://myplan.uw.edu/course/#/courses/DANCE103
Dance (DANCE),DANCE,https://www.washington.edu/students/timeschd/WIN2021/dance.html,DANCE105,BEG CONTEMP MODERN,VLPA,https://myplan.uw.edu/course/#/courses/DANCE105
Dance (DANCE),DANCE,https://www.washington.edu/students/timeschd/WIN2021/dance.html,DANCE108,BEGINNING BALLET,VLPA,https://myplan.uw.edu/course/#/courses/DANCE108
Dance (DANCE),DANCE,https://www.washington.edu/students/timeschd/WIN2021/dance.html,DANCE202,INTERMEDIATE BALLET ,VLPA,https://myplan.uw.edu/course/#/courses/DANCE202
Dance (DANCE),DANCE,https://www.washington.edu/students/timeschd/WIN2021/dance.html,DANCE205,INT CONTEMP MODERN,VLPA,https://myplan.uw.edu/course/#/courses/DANCE205
Dance (DANCE),DANCE,https://www.washington.edu/students/timeschd/WIN2021/dance.html,DANCE211,JAZZ TECHNIQUE II,VLPA,https://myplan.uw.edu/course/#/courses/DANCE211
Dance (DANCE),DANCE,https://www.washington.edu/students/timeschd/WIN2021/dance.html,DANCE232,INTERMED ALTER MVMT ,VLPA,https://myplan.uw.edu/course/#/courses/DANCE232
Dance (DANCE),DANCE,https://www.washington.edu/students/timeschd/WIN2021/dance.html,DANCE234,WORLD DANCE & CLTR,"VLPA/I&S,DIV",https://myplan.uw.edu/course/#/courses/DANCE234
Dance (DANCE),DANCE,https://www.washington.edu/students/timeschd/WIN2021/dance.html,DANCE236,SALSA/LATIN DANCE,VLPA,https://myplan.uw.edu/course/#/courses/DANCE236
Dance (DANCE),DANCE,https://www.washington.edu/students/timeschd/WIN2021/dance.html,DANCE238,SWING DANCE,VLPA,https://myplan.uw.edu/course/#/courses/DANCE238
Dance (DANCE),DANCE,https://www.washington.edu/students/timeschd/WIN2021/dance.html,DANCE245,DANCE IMPROVISATION ,VLPA,https://myplan.uw.edu/course/#/courses/DANCE245
Dance (DANCE),DANCE,https://www.washington.edu/students/timeschd/WIN2021/dance.html,DANCE266,DNCE COMPOSITION II ,VLPA,https://myplan.uw.edu/course/#/courses/DANCE266
Dance (DANCE),DANCE,https://www.washington.edu/students/timeschd/WIN2021/dance.html,DANCE270,DANCE PERFORMANCE,VLPA,https://myplan.uw.edu/course/#/courses/DANCE270
Dance (DANCE),DANCE,https://www.washington.edu/students/timeschd/WIN2021/dance.html,DANCE271,DANCE PROD-CREW,VLPA,https://myplan.uw.edu/course/#/courses/DANCE271
Dance (DANCE),DANCE,https://www.washington.edu/students/timeschd/WIN2021/dance.html,DANCE280,AFRICAN DANCE,VLPA,https://myplan.uw.edu/course/#/courses/DANCE280
Dance (DANCE),DANCE,https://www.washington.edu/students/timeschd/WIN2021/dance.html,DANCE286,STREET CLUB DANCES,VLPA,https://myplan.uw.edu/course/#/courses/DANCE286
Dance (DANCE),DANCE,https://www.washington.edu/students/timeschd/WIN2021/dance.html,DANCE302,ADVANCED BALLET,VLPA,https://myplan.uw.edu/course/#/courses/DANCE302
Dance (DANCE),DANCE,https://www.washington.edu/students/timeschd/WIN2021/dance.html,DANCE305,ADV CONTEMP MODERN,VLPA,https://myplan.uw.edu/course/#/courses/DANCE305
Dance (DANCE),DANCE,https://www.washington.edu/students/timeschd/WIN2021/dance.html,DANCE311,JAZZ TECHNIQUE III,VLPA,https://myplan.uw.edu/course/#/courses/DANCE311
Dance (DANCE),DANCE,https://www.washington.edu/students/timeschd/WIN2021/dance.html,DANCE345,CONTEMP DANCE HIST,VLPA/I&S,https://myplan.uw.edu/course/#/courses/DANCE345
Dance (DANCE),DANCE,https://www.washington.edu/students/timeschd/WIN2021/dance.html,DANCE417,DANCE HONORS,VLPA,https://myplan.uw.edu/course/#/courses/DANCE417
Dance (DANCE),DANCE,https://www.washington.edu/students/timeschd/WIN2021/dance.html,DANCE450,DANCE INTERNSHIP,VLPA,https://myplan.uw.edu/course/#/courses/DANCE450
Dance (DANCE),DANCE,https://www.washington.edu/students/timeschd/WIN2021/dance.html,DANCE480,CAREERS IN DANCE,VLPA,https://myplan.uw.edu/course/#/courses/DANCE480
Dance (DANCE),DANCE,https://www.washington.edu/students/timeschd/WIN2021/dance.html,DANCE494,TEACHING METHODS,VLPA,https://myplan.uw.edu/course/#/courses/DANCE494
Dance (DANCE),DANCE,https://www.washington.edu/students/timeschd/WIN2021/dance.html,DANCE499,UNDERGRAD IND STDY,,https://myplan.uw.edu/course/#/courses/DANCE499
Dance (DANCE),DANCE,https://www.washington.edu/students/timeschd/WIN2021/dance.html,DANCE521,DNCE ADMINISTRATION ,,https://myplan.uw.edu/course/#/courses/DANCE521
Dance (DANCE),DANCE,https://www.washington.edu/students/timeschd/WIN2021/dance.html,DANCE590,TEACHING METHODS,,https://myplan.uw.edu/course/#/courses/DANCE590
Dance (DANCE),DANCE,https://www.washington.edu/students/timeschd/WIN2021/dance.html,DANCE595,MASTER'S PROJECT,,https://myplan.uw.edu/course/#/courses/DANCE595
Dance (DANCE),DANCE,https://www.washington.edu/students/timeschd/WIN2021/dance.html,DANCE600,INDEPNDNT STDY/RSCH ,,https://myplan.uw.edu/course/#/courses/DANCE600
