department_name,department_abbr,department_url,course_num,course_name,course_credit_type,course_myplan_url
Dental Foundations (DENTFN),DENTFN,https://www.washington.edu/students/timeschd/WIN2021/dentfn.html,DENTFN520,CARD PULM RENL DIS,,https://myplan.uw.edu/course/#/courses/DENTFN520
Dental Foundations (DENTFN),DENTFN,https://www.washington.edu/students/timeschd/WIN2021/dentfn.html,DENTFN521,INTRO DENT PUB HLTH ,,https://myplan.uw.edu/course/#/courses/DENTFN521
Dental Foundations (DENTFN),DENTFN,https://www.washington.edu/students/timeschd/WIN2021/dentfn.html,DENTFN522,FNDNS DENTAL MED 2,,https://myplan.uw.edu/course/#/courses/DENTFN522
Dental Foundations (DENTFN),DENTFN,https://www.washington.edu/students/timeschd/WIN2021/dentfn.html,DENTFN523,ORAL HIST & EMB 1,,https://myplan.uw.edu/course/#/courses/DENTFN523
