department_name,department_abbr,department_url,course_num,course_name,course_credit_type,course_myplan_url
Dental General Practice (DENTGP),DENTGP,https://www.washington.edu/students/timeschd/WIN2021/dentgp.html,DENTGP655,SERV LEARN ROTATION ,,https://myplan.uw.edu/course/#/courses/DENTGP655
Dental General Practice (DENTGP),DENTGP,https://www.washington.edu/students/timeschd/WIN2021/dentgp.html,DENTGP670,ADV TOP GEN DENT 3,,https://myplan.uw.edu/course/#/courses/DENTGP670
Dental General Practice (DENTGP),DENTGP,https://www.washington.edu/students/timeschd/WIN2021/dentgp.html,DENTGP672,GEN DENT CLINIC 3,,https://myplan.uw.edu/course/#/courses/DENTGP672
Dental General Practice (DENTGP),DENTGP,https://www.washington.edu/students/timeschd/WIN2021/dentgp.html,DENTGP673,TX PT SPC ND CLIN 3 ,,https://myplan.uw.edu/course/#/courses/DENTGP673
Dental General Practice (DENTGP),DENTGP,https://www.washington.edu/students/timeschd/WIN2021/dentgp.html,DENTGP674,DENT URGENT CARE 3,,https://myplan.uw.edu/course/#/courses/DENTGP674
Dental General Practice (DENTGP),DENTGP,https://www.washington.edu/students/timeschd/WIN2021/dentgp.html,DENTGP676,RIDE COMP GEN DENT 3,,https://myplan.uw.edu/course/#/courses/DENTGP676
