department_name,department_abbr,department_url,course_num,course_name,course_credit_type,course_myplan_url
Disability Studies (DIS ST),DIS ST,https://www.washington.edu/students/timeschd/WIN2021/disst.html,DISST335,SEX & DISABILITY,"I&S,DIV",https://myplan.uw.edu/course/#/courses/DISST335
Disability Studies (DIS ST),DIS ST,https://www.washington.edu/students/timeschd/WIN2021/disst.html,DISST346,DISABILITY GLOBAL,"I&S,DIV",https://myplan.uw.edu/course/#/courses/DISST346
Disability Studies (DIS ST),DIS ST,https://www.washington.edu/students/timeschd/WIN2021/disst.html,DISST433,DISABLTY LAW & PLCY ,"I&S,DIV",https://myplan.uw.edu/course/#/courses/DISST433
Disability Studies (DIS ST),DIS ST,https://www.washington.edu/students/timeschd/WIN2021/disst.html,DISST499,INDEPENDENT STUDY,,https://myplan.uw.edu/course/#/courses/DISST499
Disability Studies (DIS ST),DIS ST,https://www.washington.edu/students/timeschd/WIN2021/disst.html,DISST503,SEM WRITING DISAB ST,,https://myplan.uw.edu/course/#/courses/DISST503
Disability Studies (DIS ST),DIS ST,https://www.washington.edu/students/timeschd/WIN2021/disst.html,DISST600,INDEPNDNT STDY/RSCH ,,https://myplan.uw.edu/course/#/courses/DISST600
