department_name,department_abbr,department_url,course_num,course_name,course_credit_type,course_myplan_url
Digital Arts and Experimental Media (DXARTS),DXARTS,https://www.washington.edu/students/timeschd/WIN2021/dxarts.html,DXARTS200,DIGTL ART NEW MEDIA ,VLPA,https://myplan.uw.edu/course/#/courses/DXARTS200
Digital Arts and Experimental Media (DXARTS),DXARTS,https://www.washington.edu/students/timeschd/WIN2021/dxarts.html,DXARTS451,EXP VIDEO ART I,VLPA,https://myplan.uw.edu/course/#/courses/DXARTS451
Digital Arts and Experimental Media (DXARTS),DXARTS,https://www.washington.edu/students/timeschd/WIN2021/dxarts.html,DXARTS461,DIG SOUND SYNTHESIS ,VLPA,https://myplan.uw.edu/course/#/courses/DXARTS461
Digital Arts and Experimental Media (DXARTS),DXARTS,https://www.washington.edu/students/timeschd/WIN2021/dxarts.html,DXARTS471,MECHATRONIC ART I,VLPA,https://myplan.uw.edu/course/#/courses/DXARTS471
Digital Arts and Experimental Media (DXARTS),DXARTS,https://www.washington.edu/students/timeschd/WIN2021/dxarts.html,DXARTS499,UNDERGRAD RESEARCH,,https://myplan.uw.edu/course/#/courses/DXARTS499
Digital Arts and Experimental Media (DXARTS),DXARTS,https://www.washington.edu/students/timeschd/WIN2021/dxarts.html,DXARTS500,RESEARCH STUDIO,,https://myplan.uw.edu/course/#/courses/DXARTS500
Digital Arts and Experimental Media (DXARTS),DXARTS,https://www.washington.edu/students/timeschd/WIN2021/dxarts.html,DXARTS600,INDEPENDENT STUDY,,https://myplan.uw.edu/course/#/courses/DXARTS600
Digital Arts and Experimental Media (DXARTS),DXARTS,https://www.washington.edu/students/timeschd/WIN2021/dxarts.html,DXARTS800,DOCTORAL DISSERTATN ,,https://myplan.uw.edu/course/#/courses/DXARTS800
