department_name,department_abbr,department_url,course_num,course_name,course_credit_type,course_myplan_url
English (ENGL),ENGL,https://www.washington.edu/students/timeschd/WIN2021/engl.html,ENGL102,COLLEGE READ & WRIT ,,https://myplan.uw.edu/course/#/courses/ENGL102
English (ENGL),ENGL,https://www.washington.edu/students/timeschd/WIN2021/engl.html,ENGL103,WRITING FRM SOURCES ,,https://myplan.uw.edu/course/#/courses/ENGL103
English (ENGL),ENGL,https://www.washington.edu/students/timeschd/WIN2021/engl.html,ENGL104,COLLEGE COMMUNICATN ,,https://myplan.uw.edu/course/#/courses/ENGL104
English (ENGL),ENGL,https://www.washington.edu/students/timeschd/WIN2021/engl.html,ENGL105,ENGL FOR INTL T.A.,,https://myplan.uw.edu/course/#/courses/ENGL105
English (ENGL),ENGL,https://www.washington.edu/students/timeschd/WIN2021/engl.html,ENGL108,WRITING READY,,https://myplan.uw.edu/course/#/courses/ENGL108
English (ENGL),ENGL,https://www.washington.edu/students/timeschd/WIN2021/engl.html,ENGL110,INTRODUCTORY COMP,C,https://myplan.uw.edu/course/#/courses/ENGL110
English (ENGL),ENGL,https://www.washington.edu/students/timeschd/WIN2021/engl.html,ENGL111,COMPOSITION: LIT,C,https://myplan.uw.edu/course/#/courses/ENGL111
English (ENGL),ENGL,https://www.washington.edu/students/timeschd/WIN2021/engl.html,ENGL115,WRITING STUDIO,,https://myplan.uw.edu/course/#/courses/ENGL115
English (ENGL),ENGL,https://www.washington.edu/students/timeschd/WIN2021/engl.html,ENGL121,COMPOSTN: SOC ISSUE ,C,https://myplan.uw.edu/course/#/courses/ENGL121
English (ENGL),ENGL,https://www.washington.edu/students/timeschd/WIN2021/engl.html,ENGL131,COMPOSITN: EXPOSITN ,C,https://myplan.uw.edu/course/#/courses/ENGL131
English (ENGL),ENGL,https://www.washington.edu/students/timeschd/WIN2021/engl.html,ENGL182,MULTIMODAL COMP,C,https://myplan.uw.edu/course/#/courses/ENGL182
English (ENGL),ENGL,https://www.washington.edu/students/timeschd/WIN2021/engl.html,ENGL197,WRITING HUM,C,https://myplan.uw.edu/course/#/courses/ENGL197
English (ENGL),ENGL,https://www.washington.edu/students/timeschd/WIN2021/engl.html,ENGL198,WRITING/SOC SCI,C,https://myplan.uw.edu/course/#/courses/ENGL198
English (ENGL),ENGL,https://www.washington.edu/students/timeschd/WIN2021/engl.html,ENGL199,WRITING NAT SCI,C,https://myplan.uw.edu/course/#/courses/ENGL199
English (ENGL),ENGL,https://www.washington.edu/students/timeschd/WIN2021/engl.html,ENGL200,READING LIT FORMS,VLPA,https://myplan.uw.edu/course/#/courses/ENGL200
English (ENGL),ENGL,https://www.washington.edu/students/timeschd/WIN2021/engl.html,ENGL201,ENGL IN HUMANITIES,VLPA,https://myplan.uw.edu/course/#/courses/ENGL201
English (ENGL),ENGL,https://www.washington.edu/students/timeschd/WIN2021/engl.html,ENGL202,INTRO ENGL LANG LIT ,VLPA,https://myplan.uw.edu/course/#/courses/ENGL202
English (ENGL),ENGL,https://www.washington.edu/students/timeschd/WIN2021/engl.html,ENGL207,INTRO CULTURE STUDY ,VLPA/I&S,https://myplan.uw.edu/course/#/courses/ENGL207
English (ENGL),ENGL,https://www.washington.edu/students/timeschd/WIN2021/engl.html,ENGL210,LIT 400 TO 1600,VLPA,https://myplan.uw.edu/course/#/courses/ENGL210
English (ENGL),ENGL,https://www.washington.edu/students/timeschd/WIN2021/engl.html,ENGL213,MODERN/POST MOD LIT ,VLPA,https://myplan.uw.edu/course/#/courses/ENGL213
English (ENGL),ENGL,https://www.washington.edu/students/timeschd/WIN2021/engl.html,ENGL225,SHAKESPEARE,VLPA,https://myplan.uw.edu/course/#/courses/ENGL225
English (ENGL),ENGL,https://www.washington.edu/students/timeschd/WIN2021/engl.html,ENGL242,READ PROSE FICTION,VLPA,https://myplan.uw.edu/course/#/courses/ENGL242
English (ENGL),ENGL,https://www.washington.edu/students/timeschd/WIN2021/engl.html,ENGL243,READING POETRY,VLPA,https://myplan.uw.edu/course/#/courses/ENGL243
English (ENGL),ENGL,https://www.washington.edu/students/timeschd/WIN2021/engl.html,ENGL250,AMERICAN LITERATURE ,VLPA,https://myplan.uw.edu/course/#/courses/ENGL250
English (ENGL),ENGL,https://www.washington.edu/students/timeschd/WIN2021/engl.html,ENGL257,ASIAN-AMERICAN LIT,"VLPA,DIV",https://myplan.uw.edu/course/#/courses/ENGL257
English (ENGL),ENGL,https://www.washington.edu/students/timeschd/WIN2021/engl.html,ENGL259,LIT&SOC DIFFERENCE,"VLPA,DIV",https://myplan.uw.edu/course/#/courses/ENGL259
English (ENGL),ENGL,https://www.washington.edu/students/timeschd/WIN2021/engl.html,ENGL265,ENVIRNTL HUMANITIES ,"VLPA/I&S,DIV",https://myplan.uw.edu/course/#/courses/ENGL265
English (ENGL),ENGL,https://www.washington.edu/students/timeschd/WIN2021/engl.html,ENGL281,INTERMED EXPOS WRIT ,C,https://myplan.uw.edu/course/#/courses/ENGL281
English (ENGL),ENGL,https://www.washington.edu/students/timeschd/WIN2021/engl.html,ENGL282,INT MULTIMODAL COMP ,C,https://myplan.uw.edu/course/#/courses/ENGL282
English (ENGL),ENGL,https://www.washington.edu/students/timeschd/WIN2021/engl.html,ENGL283,BEGIN VERSE WRITING ,VLPA,https://myplan.uw.edu/course/#/courses/ENGL283
English (ENGL),ENGL,https://www.washington.edu/students/timeschd/WIN2021/engl.html,ENGL284,BEG SHORT STRY WRIT ,VLPA,https://myplan.uw.edu/course/#/courses/ENGL284
English (ENGL),ENGL,https://www.washington.edu/students/timeschd/WIN2021/engl.html,ENGL285,WRITERS ON WRITING,VLPA,https://myplan.uw.edu/course/#/courses/ENGL285
English (ENGL),ENGL,https://www.washington.edu/students/timeschd/WIN2021/engl.html,ENGL288,INTRO PROF TECH WRIT,C,https://myplan.uw.edu/course/#/courses/ENGL288
English (ENGL),ENGL,https://www.washington.edu/students/timeschd/WIN2021/engl.html,ENGL295,STUDY ABROAD,VLPA,https://myplan.uw.edu/course/#/courses/ENGL295
English (ENGL),ENGL,https://www.washington.edu/students/timeschd/WIN2021/engl.html,ENGL297,INTERMED WRIT HUM,C,https://myplan.uw.edu/course/#/courses/ENGL297
English (ENGL),ENGL,https://www.washington.edu/students/timeschd/WIN2021/engl.html,ENGL298,INTERMED WRIT SOC S ,C,https://myplan.uw.edu/course/#/courses/ENGL298
English (ENGL),ENGL,https://www.washington.edu/students/timeschd/WIN2021/engl.html,ENGL299,INT WRITING NAT SCI ,C,https://myplan.uw.edu/course/#/courses/ENGL299
English (ENGL),ENGL,https://www.washington.edu/students/timeschd/WIN2021/engl.html,ENGL302,CRITICAL PRACTICE,VLPA,https://myplan.uw.edu/course/#/courses/ENGL302
English (ENGL),ENGL,https://www.washington.edu/students/timeschd/WIN2021/engl.html,ENGL308,MARXISIM LIT THEORY ,VLPA,https://myplan.uw.edu/course/#/courses/ENGL308
English (ENGL),ENGL,https://www.washington.edu/students/timeschd/WIN2021/engl.html,ENGL312,JWSH LIT:BIB TO MOD ,"VLPA/I&S,DIV",https://myplan.uw.edu/course/#/courses/ENGL312
English (ENGL),ENGL,https://www.washington.edu/students/timeschd/WIN2021/engl.html,ENGL315,LITERARY MODERNISM,VLPA,https://myplan.uw.edu/course/#/courses/ENGL315
English (ENGL),ENGL,https://www.washington.edu/students/timeschd/WIN2021/engl.html,ENGL316,POSTCLNIAL LIT&CLTR ,"VLPA,DIV",https://myplan.uw.edu/course/#/courses/ENGL316
English (ENGL),ENGL,https://www.washington.edu/students/timeschd/WIN2021/engl.html,ENGL323,SHAKESPEARE TO 1603 ,VLPA,https://myplan.uw.edu/course/#/courses/ENGL323
English (ENGL),ENGL,https://www.washington.edu/students/timeschd/WIN2021/engl.html,ENGL349,SCI FICT & FANTASY,VLPA,https://myplan.uw.edu/course/#/courses/ENGL349
English (ENGL),ENGL,https://www.washington.edu/students/timeschd/WIN2021/engl.html,ENGL352,EARLY AMER LIT,VLPA,https://myplan.uw.edu/course/#/courses/ENGL352
English (ENGL),ENGL,https://www.washington.edu/students/timeschd/WIN2021/engl.html,ENGL353,AMER LIT LATER 19C,VLPA,https://myplan.uw.edu/course/#/courses/ENGL353
English (ENGL),ENGL,https://www.washington.edu/students/timeschd/WIN2021/engl.html,ENGL354,EARLY 20TH C AM LIT ,VLPA,https://myplan.uw.edu/course/#/courses/ENGL354
English (ENGL),ENGL,https://www.washington.edu/students/timeschd/WIN2021/engl.html,ENGL359,CONTEMP AM IND LIT,"VLPA,DIV",https://myplan.uw.edu/course/#/courses/ENGL359
English (ENGL),ENGL,https://www.washington.edu/students/timeschd/WIN2021/engl.html,ENGL370,ENGL LANG STUDY,VLPA,https://myplan.uw.edu/course/#/courses/ENGL370
English (ENGL),ENGL,https://www.washington.edu/students/timeschd/WIN2021/engl.html,ENGL379,SPEC TOPIC FORMS,,https://myplan.uw.edu/course/#/courses/ENGL379
English (ENGL),ENGL,https://www.washington.edu/students/timeschd/WIN2021/engl.html,ENGL381,ADV EXPOSITORY WRIT ,C,https://myplan.uw.edu/course/#/courses/ENGL381
English (ENGL),ENGL,https://www.washington.edu/students/timeschd/WIN2021/engl.html,ENGL382,SPECIAL MULTIMODAL,C,https://myplan.uw.edu/course/#/courses/ENGL382
English (ENGL),ENGL,https://www.washington.edu/students/timeschd/WIN2021/engl.html,ENGL383,THE CRAFT OF VERSE,VLPA,https://myplan.uw.edu/course/#/courses/ENGL383
English (ENGL),ENGL,https://www.washington.edu/students/timeschd/WIN2021/engl.html,ENGL384,THE CRAFT OF PROSE,VLPA,https://myplan.uw.edu/course/#/courses/ENGL384
English (ENGL),ENGL,https://www.washington.edu/students/timeschd/WIN2021/engl.html,ENGL386,ASIAN-AMERICAN LIT,"VLPA/I&S,DIV",https://myplan.uw.edu/course/#/courses/ENGL386
English (ENGL),ENGL,https://www.washington.edu/students/timeschd/WIN2021/engl.html,ENGL395,STUDY ABROAD,VLPA,https://myplan.uw.edu/course/#/courses/ENGL395
English (ENGL),ENGL,https://www.washington.edu/students/timeschd/WIN2021/engl.html,ENGL407,TOPICS CULTURE ST,VLPA,https://myplan.uw.edu/course/#/courses/ENGL407
English (ENGL),ENGL,https://www.washington.edu/students/timeschd/WIN2021/engl.html,ENGL422,ARTHURIAN LEGENDS,VLPA,https://myplan.uw.edu/course/#/courses/ENGL422
English (ENGL),ENGL,https://www.washington.edu/students/timeschd/WIN2021/engl.html,ENGL471,TEACHING WRITING,VLPA,https://myplan.uw.edu/course/#/courses/ENGL471
English (ENGL),ENGL,https://www.washington.edu/students/timeschd/WIN2021/engl.html,ENGL484,ADV PROSE WORKSHOP,VLPA,https://myplan.uw.edu/course/#/courses/ENGL484
English (ENGL),ENGL,https://www.washington.edu/students/timeschd/WIN2021/engl.html,ENGL490,PROFESN PUBLIC LIFE ,,https://myplan.uw.edu/course/#/courses/ENGL490
English (ENGL),ENGL,https://www.washington.edu/students/timeschd/WIN2021/engl.html,ENGL491,INTERNSHIP,,https://myplan.uw.edu/course/#/courses/ENGL491
English (ENGL),ENGL,https://www.washington.edu/students/timeschd/WIN2021/engl.html,ENGL493,CREATIVE WRIT CONF,,https://myplan.uw.edu/course/#/courses/ENGL493
English (ENGL),ENGL,https://www.washington.edu/students/timeschd/WIN2021/engl.html,ENGL494,HONORS SEMINAR,VLPA,https://myplan.uw.edu/course/#/courses/ENGL494
English (ENGL),ENGL,https://www.washington.edu/students/timeschd/WIN2021/engl.html,ENGL499,INDEPENDENT STUDY,,https://myplan.uw.edu/course/#/courses/ENGL499
English (ENGL),ENGL,https://www.washington.edu/students/timeschd/WIN2021/engl.html,ENGL512,INTRO READ OLD ENGL ,,https://myplan.uw.edu/course/#/courses/ENGL512
English (ENGL),ENGL,https://www.washington.edu/students/timeschd/WIN2021/engl.html,ENGL524,18TH CENTURY LIT,,https://myplan.uw.edu/course/#/courses/ENGL524
English (ENGL),ENGL,https://www.washington.edu/students/timeschd/WIN2021/engl.html,ENGL541,CONTEMPORARY LIT,,https://myplan.uw.edu/course/#/courses/ENGL541
English (ENGL),ENGL,https://www.washington.edu/students/timeschd/WIN2021/engl.html,ENGL546,TPCS 20TH CENT LIT,,https://myplan.uw.edu/course/#/courses/ENGL546
English (ENGL),ENGL,https://www.washington.edu/students/timeschd/WIN2021/engl.html,ENGL556,CULTURAL STUDIES,,https://myplan.uw.edu/course/#/courses/ENGL556
English (ENGL),ENGL,https://www.washington.edu/students/timeschd/WIN2021/engl.html,ENGL560,NATURE OF LANGUAGE,,https://myplan.uw.edu/course/#/courses/ENGL560
English (ENGL),ENGL,https://www.washington.edu/students/timeschd/WIN2021/engl.html,ENGL564,CURR RHETORCL THRY,,https://myplan.uw.edu/course/#/courses/ENGL564
English (ENGL),ENGL,https://www.washington.edu/students/timeschd/WIN2021/engl.html,ENGL572,TESL METHOD & MATER ,,https://myplan.uw.edu/course/#/courses/ENGL572
English (ENGL),ENGL,https://www.washington.edu/students/timeschd/WIN2021/engl.html,ENGL574,RES IN SEC LANG ACQ ,,https://myplan.uw.edu/course/#/courses/ENGL574
English (ENGL),ENGL,https://www.washington.edu/students/timeschd/WIN2021/engl.html,ENGL581,CRTV WR AS CRIT RDR ,,https://myplan.uw.edu/course/#/courses/ENGL581
English (ENGL),ENGL,https://www.washington.edu/students/timeschd/WIN2021/engl.html,ENGL584,ADV FICT WORKSHOP,,https://myplan.uw.edu/course/#/courses/ENGL584
English (ENGL),ENGL,https://www.washington.edu/students/timeschd/WIN2021/engl.html,ENGL585,ADV POETRY WORKSHOP ,,https://myplan.uw.edu/course/#/courses/ENGL585
English (ENGL),ENGL,https://www.washington.edu/students/timeschd/WIN2021/engl.html,ENGL586,GRAD WRITING CONF,,https://myplan.uw.edu/course/#/courses/ENGL586
English (ENGL),ENGL,https://www.washington.edu/students/timeschd/WIN2021/engl.html,ENGL590,MA ESSAY,,https://myplan.uw.edu/course/#/courses/ENGL590
English (ENGL),ENGL,https://www.washington.edu/students/timeschd/WIN2021/engl.html,ENGL592,GRAD ENGL STUDIES,,https://myplan.uw.edu/course/#/courses/ENGL592
English (ENGL),ENGL,https://www.washington.edu/students/timeschd/WIN2021/engl.html,ENGL597,DIRECTED READINGS,,https://myplan.uw.edu/course/#/courses/ENGL597
English (ENGL),ENGL,https://www.washington.edu/students/timeschd/WIN2021/engl.html,ENGL600,INDEPNDNT STDY/RSCH ,,https://myplan.uw.edu/course/#/courses/ENGL600
English (ENGL),ENGL,https://www.washington.edu/students/timeschd/WIN2021/engl.html,ENGL601,INTERNSHIP,,https://myplan.uw.edu/course/#/courses/ENGL601
English (ENGL),ENGL,https://www.washington.edu/students/timeschd/WIN2021/engl.html,ENGL700,MASTERS THESIS,,https://myplan.uw.edu/course/#/courses/ENGL700
English (ENGL),ENGL,https://www.washington.edu/students/timeschd/WIN2021/engl.html,ENGL800,DOCTORAL DISSERTATN ,,https://myplan.uw.edu/course/#/courses/ENGL800
