department_name,department_abbr,department_url,course_num,course_name,course_credit_type,course_myplan_url
Environmental Health (ENV H),ENV H,https://www.washington.edu/students/timeschd/WIN2021/envh.html,ENVH111,ENVR HLTH CONNECTS,I&S/NW,https://myplan.uw.edu/course/#/courses/ENVH111
Environmental Health (ENV H),ENV H,https://www.washington.edu/students/timeschd/WIN2021/envh.html,ENVH220,ENV CHNG PUBLC HLTH ,I&S,https://myplan.uw.edu/course/#/courses/ENVH220
Environmental Health (ENV H),ENV H,https://www.washington.edu/students/timeschd/WIN2021/envh.html,ENVH305,POISONS AND HEALTH,I&S/NW,https://myplan.uw.edu/course/#/courses/ENVH305
Environmental Health (ENV H),ENV H,https://www.washington.edu/students/timeschd/WIN2021/envh.html,ENVH320,TECH COMM ENV H,,https://myplan.uw.edu/course/#/courses/ENVH320
Environmental Health (ENV H),ENV H,https://www.washington.edu/students/timeschd/WIN2021/envh.html,ENVH418,CC HEALTH RISKS,,https://myplan.uw.edu/course/#/courses/ENVH418
Environmental Health (ENV H),ENV H,https://www.washington.edu/students/timeschd/WIN2021/envh.html,ENVH427,LEADERSHIP IN PH II ,"I&S,DIV",https://myplan.uw.edu/course/#/courses/ENVH427
Environmental Health (ENV H),ENV H,https://www.washington.edu/students/timeschd/WIN2021/envh.html,ENVH433,MICRO SAMP & ANALYS ,NW,https://myplan.uw.edu/course/#/courses/ENVH433
Environmental Health (ENV H),ENV H,https://www.washington.edu/students/timeschd/WIN2021/envh.html,ENVH446,HAZ WASTE & PH,,https://myplan.uw.edu/course/#/courses/ENVH446
Environmental Health (ENV H),ENV H,https://www.washington.edu/students/timeschd/WIN2021/envh.html,ENVH448,AIR POLLUTION,,https://myplan.uw.edu/course/#/courses/ENVH448
Environmental Health (ENV H),ENV H,https://www.washington.edu/students/timeschd/WIN2021/envh.html,ENVH452,CONTRL ENV MICR HAZ ,,https://myplan.uw.edu/course/#/courses/ENVH452
Environmental Health (ENV H),ENV H,https://www.washington.edu/students/timeschd/WIN2021/envh.html,ENVH460,OCC SAFETY MGMT,,https://myplan.uw.edu/course/#/courses/ENVH460
Environmental Health (ENV H),ENV H,https://www.washington.edu/students/timeschd/WIN2021/envh.html,ENVH480,UG SEMINAR,,https://myplan.uw.edu/course/#/courses/ENVH480
Environmental Health (ENV H),ENV H,https://www.washington.edu/students/timeschd/WIN2021/envh.html,ENVH482,EH INTERNSHIP,,https://myplan.uw.edu/course/#/courses/ENVH482
Environmental Health (ENV H),ENV H,https://www.washington.edu/students/timeschd/WIN2021/envh.html,ENVH497,ENVH SPEC ELECTVS,,https://myplan.uw.edu/course/#/courses/ENVH497
Environmental Health (ENV H),ENV H,https://www.washington.edu/students/timeschd/WIN2021/envh.html,ENVH499,UNDERGRAD RESEARCH,,https://myplan.uw.edu/course/#/courses/ENVH499
Environmental Health (ENV H),ENV H,https://www.washington.edu/students/timeschd/WIN2021/envh.html,ENVH502,ENVIR EXPOSURE RISKS,,https://myplan.uw.edu/course/#/courses/ENVH502
Environmental Health (ENV H),ENV H,https://www.washington.edu/students/timeschd/WIN2021/envh.html,ENVH515,ORGAN SYS TOXICOLGY ,,https://myplan.uw.edu/course/#/courses/ENVH515
Environmental Health (ENV H),ENV H,https://www.washington.edu/students/timeschd/WIN2021/envh.html,ENVH518,CC HEALTH RISKS,,https://myplan.uw.edu/course/#/courses/ENVH518
Environmental Health (ENV H),ENV H,https://www.washington.edu/students/timeschd/WIN2021/envh.html,ENVH527,LEADERSHIP IN PH II ,,https://myplan.uw.edu/course/#/courses/ENVH527
Environmental Health (ENV H),ENV H,https://www.washington.edu/students/timeschd/WIN2021/envh.html,ENVH538,HEALTH BUILT ENVIR,,https://myplan.uw.edu/course/#/courses/ENVH538
Environmental Health (ENV H),ENV H,https://www.washington.edu/students/timeschd/WIN2021/envh.html,ENVH542,CONTRL ENV MICR HAZ ,,https://myplan.uw.edu/course/#/courses/ENVH542
Environmental Health (ENV H),ENV H,https://www.washington.edu/students/timeschd/WIN2021/envh.html,ENVH546,HAZ WASTE & PH,,https://myplan.uw.edu/course/#/courses/ENVH546
Environmental Health (ENV H),ENV H,https://www.washington.edu/students/timeschd/WIN2021/envh.html,ENVH548,AIR POLLUTION,,https://myplan.uw.edu/course/#/courses/ENVH548
Environmental Health (ENV H),ENV H,https://www.washington.edu/students/timeschd/WIN2021/envh.html,ENVH553,EXPOSURE METHODS,,https://myplan.uw.edu/course/#/courses/ENVH553
Environmental Health (ENV H),ENV H,https://www.washington.edu/students/timeschd/WIN2021/envh.html,ENVH556,QUANT EXP ASSESSMENT,,https://myplan.uw.edu/course/#/courses/ENVH556
Environmental Health (ENV H),ENV H,https://www.washington.edu/students/timeschd/WIN2021/envh.html,ENVH557,EXPOSURE CONTROLS,,https://myplan.uw.edu/course/#/courses/ENVH557
Environmental Health (ENV H),ENV H,https://www.washington.edu/students/timeschd/WIN2021/envh.html,ENVH560,OCC SAFETY MGMT,,https://myplan.uw.edu/course/#/courses/ENVH560
Environmental Health (ENV H),ENV H,https://www.washington.edu/students/timeschd/WIN2021/envh.html,ENVH580,ENV/OCC HLTH SEMINAR,,https://myplan.uw.edu/course/#/courses/ENVH580
Environmental Health (ENV H),ENV H,https://www.washington.edu/students/timeschd/WIN2021/envh.html,ENVH591,CURRENT TOPICS TOX,,https://myplan.uw.edu/course/#/courses/ENVH591
Environmental Health (ENV H),ENV H,https://www.washington.edu/students/timeschd/WIN2021/envh.html,ENVH595,RESEARCH ROTATION,,https://myplan.uw.edu/course/#/courses/ENVH595
Environmental Health (ENV H),ENV H,https://www.washington.edu/students/timeschd/WIN2021/envh.html,ENVH597,CASES ENVH OCC HLTH ,,https://myplan.uw.edu/course/#/courses/ENVH597
Environmental Health (ENV H),ENV H,https://www.washington.edu/students/timeschd/WIN2021/envh.html,ENVH598,PROJECT/PORTFOLIO,,https://myplan.uw.edu/course/#/courses/ENVH598
Environmental Health (ENV H),ENV H,https://www.washington.edu/students/timeschd/WIN2021/envh.html,ENVH599,FIELD STUDIES,,https://myplan.uw.edu/course/#/courses/ENVH599
Environmental Health (ENV H),ENV H,https://www.washington.edu/students/timeschd/WIN2021/envh.html,ENVH600,INDEPNDNT STDY/RSCH ,,https://myplan.uw.edu/course/#/courses/ENVH600
Environmental Health (ENV H),ENV H,https://www.washington.edu/students/timeschd/WIN2021/envh.html,ENVH700,MASTERS THESIS,,https://myplan.uw.edu/course/#/courses/ENVH700
Environmental Health (ENV H),ENV H,https://www.washington.edu/students/timeschd/WIN2021/envh.html,ENVH800,DOCTORAL DISSERTATN ,,https://myplan.uw.edu/course/#/courses/ENVH800
