department_name,department_abbr,department_url,course_num,course_name,course_credit_type,course_myplan_url
Earth and Space Sciences (ESS),ESS,https://www.washington.edu/students/timeschd/WIN2021/ess.html,ESS100,DINOSAURS,NW,https://myplan.uw.edu/course/#/courses/ESS100
Earth and Space Sciences (ESS),ESS,https://www.washington.edu/students/timeschd/WIN2021/ess.html,ESS101,GEOLOGY & SOCIETY,I&S/NW,https://myplan.uw.edu/course/#/courses/ESS101
Earth and Space Sciences (ESS),ESS,https://www.washington.edu/students/timeschd/WIN2021/ess.html,ESS102,SPACE&SPACE TRAVEL,I&S/NW,https://myplan.uw.edu/course/#/courses/ESS102
Earth and Space Sciences (ESS),ESS,https://www.washington.edu/students/timeschd/WIN2021/ess.html,ESS106,LIVING WITH VOLCANO ,I&S/NW,https://myplan.uw.edu/course/#/courses/ESS106
Earth and Space Sciences (ESS),ESS,https://www.washington.edu/students/timeschd/WIN2021/ess.html,ESS203,GLACIERS/GLBL CHNGE ,I&S/NW,https://myplan.uw.edu/course/#/courses/ESS203
Earth and Space Sciences (ESS),ESS,https://www.washington.edu/students/timeschd/WIN2021/ess.html,ESS212,TECT & MATLS EARTH,NW,https://myplan.uw.edu/course/#/courses/ESS212
Earth and Space Sciences (ESS),ESS,https://www.washington.edu/students/timeschd/WIN2021/ess.html,ESS311,GEOMECHANICS,NW,https://myplan.uw.edu/course/#/courses/ESS311
Earth and Space Sciences (ESS),ESS,https://www.washington.edu/students/timeschd/WIN2021/ess.html,ESS315,ENVIR EARTH SCI,NW,https://myplan.uw.edu/course/#/courses/ESS315
Earth and Space Sciences (ESS),ESS,https://www.washington.edu/students/timeschd/WIN2021/ess.html,ESS412,INTRO SEISMOLOGY,NW,https://myplan.uw.edu/course/#/courses/ESS412
Earth and Space Sciences (ESS),ESS,https://www.washington.edu/students/timeschd/WIN2021/ess.html,ESS418,GEOSCIENCE COMM,,https://myplan.uw.edu/course/#/courses/ESS418
Earth and Space Sciences (ESS),ESS,https://www.washington.edu/students/timeschd/WIN2021/ess.html,ESS425,TECTONIC GEOMORPH,,https://myplan.uw.edu/course/#/courses/ESS425
Earth and Space Sciences (ESS),ESS,https://www.washington.edu/students/timeschd/WIN2021/ess.html,ESS439,PETRG/PETRL IGN RCK ,NW,https://myplan.uw.edu/course/#/courses/ESS439
Earth and Space Sciences (ESS),ESS,https://www.washington.edu/students/timeschd/WIN2021/ess.html,ESS447,ENGINEERING GEOLOGY ,,https://myplan.uw.edu/course/#/courses/ESS447
Earth and Space Sciences (ESS),ESS,https://www.washington.edu/students/timeschd/WIN2021/ess.html,ESS451,INVERT PALEONTOLOGY ,NW,https://myplan.uw.edu/course/#/courses/ESS451
Earth and Space Sciences (ESS),ESS,https://www.washington.edu/students/timeschd/WIN2021/ess.html,ESS452,VERTE PALEO,NW,https://myplan.uw.edu/course/#/courses/ESS452
Earth and Space Sciences (ESS),ESS,https://www.washington.edu/students/timeschd/WIN2021/ess.html,ESS454,HYDROGEOLOGY,NW,https://myplan.uw.edu/course/#/courses/ESS454
Earth and Space Sciences (ESS),ESS,https://www.washington.edu/students/timeschd/WIN2021/ess.html,ESS457,ENV GEOCHEM,NW,https://myplan.uw.edu/course/#/courses/ESS457
Earth and Space Sciences (ESS),ESS,https://www.washington.edu/students/timeschd/WIN2021/ess.html,ESS472,ROCKETS & INSTRUMNT ,,https://myplan.uw.edu/course/#/courses/ESS472
Earth and Space Sciences (ESS),ESS,https://www.washington.edu/students/timeschd/WIN2021/ess.html,ESS475,CLMT SCI RSRCH SMNR ,,https://myplan.uw.edu/course/#/courses/ESS475
Earth and Space Sciences (ESS),ESS,https://www.washington.edu/students/timeschd/WIN2021/ess.html,ESS490,SPECIAL TOPICS,NW,https://myplan.uw.edu/course/#/courses/ESS490
Earth and Space Sciences (ESS),ESS,https://www.washington.edu/students/timeschd/WIN2021/ess.html,ESS492,EDU EARTH SCI,NW,https://myplan.uw.edu/course/#/courses/ESS492
Earth and Space Sciences (ESS),ESS,https://www.washington.edu/students/timeschd/WIN2021/ess.html,ESS498,INDEPENDENT STUDY,,https://myplan.uw.edu/course/#/courses/ESS498
Earth and Space Sciences (ESS),ESS,https://www.washington.edu/students/timeschd/WIN2021/ess.html,ESS499,UNDERGRAD RESEARCH,,https://myplan.uw.edu/course/#/courses/ESS499
Earth and Space Sciences (ESS),ESS,https://www.washington.edu/students/timeschd/WIN2021/ess.html,ESS512,INTRO SEISMOLOGY,,https://myplan.uw.edu/course/#/courses/ESS512
Earth and Space Sciences (ESS),ESS,https://www.washington.edu/students/timeschd/WIN2021/ess.html,ESS518,TECHNICAL COMM,,https://myplan.uw.edu/course/#/courses/ESS518
Earth and Space Sciences (ESS),ESS,https://www.washington.edu/students/timeschd/WIN2021/ess.html,ESS519,SCIENTIFIC WRITING,,https://myplan.uw.edu/course/#/courses/ESS519
Earth and Space Sciences (ESS),ESS,https://www.washington.edu/students/timeschd/WIN2021/ess.html,ESS525,TECTONIC GEOMORPH,,https://myplan.uw.edu/course/#/courses/ESS525
Earth and Space Sciences (ESS),ESS,https://www.washington.edu/students/timeschd/WIN2021/ess.html,ESS547,ENGINEERING GEOLOGY ,,https://myplan.uw.edu/course/#/courses/ESS547
Earth and Space Sciences (ESS),ESS,https://www.washington.edu/students/timeschd/WIN2021/ess.html,ESS557,VERTE PALEO,,https://myplan.uw.edu/course/#/courses/ESS557
Earth and Space Sciences (ESS),ESS,https://www.washington.edu/students/timeschd/WIN2021/ess.html,ESS562,OBSERVATNAL SEISMOL ,,https://myplan.uw.edu/course/#/courses/ESS562
Earth and Space Sciences (ESS),ESS,https://www.washington.edu/students/timeschd/WIN2021/ess.html,ESS567,ENV GEOCHEM,NW,https://myplan.uw.edu/course/#/courses/ESS567
Earth and Space Sciences (ESS),ESS,https://www.washington.edu/students/timeschd/WIN2021/ess.html,ESS575,ROCKETS & INSTRUMNT ,,https://myplan.uw.edu/course/#/courses/ESS575
Earth and Space Sciences (ESS),ESS,https://www.washington.edu/students/timeschd/WIN2021/ess.html,ESS576,SPACE AND LAB PHYS,,https://myplan.uw.edu/course/#/courses/ESS576
Earth and Space Sciences (ESS),ESS,https://www.washington.edu/students/timeschd/WIN2021/ess.html,ESS586,CLIMATE SEMINAR,,https://myplan.uw.edu/course/#/courses/ESS586
Earth and Space Sciences (ESS),ESS,https://www.washington.edu/students/timeschd/WIN2021/ess.html,ESS588,CARBON AND CLIMATE,,https://myplan.uw.edu/course/#/courses/ESS588
Earth and Space Sciences (ESS),ESS,https://www.washington.edu/students/timeschd/WIN2021/ess.html,ESS589,PALEOCLIMATOLOGY,,https://myplan.uw.edu/course/#/courses/ESS589
Earth and Space Sciences (ESS),ESS,https://www.washington.edu/students/timeschd/WIN2021/ess.html,ESS590,SPECIAL TOPICS,,https://myplan.uw.edu/course/#/courses/ESS590
Earth and Space Sciences (ESS),ESS,https://www.washington.edu/students/timeschd/WIN2021/ess.html,ESS592,PROF PRACTICE SEM,,https://myplan.uw.edu/course/#/courses/ESS592
Earth and Space Sciences (ESS),ESS,https://www.washington.edu/students/timeschd/WIN2021/ess.html,ESS595,ESS RSRCH METHODS,,https://myplan.uw.edu/course/#/courses/ESS595
Earth and Space Sciences (ESS),ESS,https://www.washington.edu/students/timeschd/WIN2021/ess.html,ESS596,CLIMATE CAPSTONE,,https://myplan.uw.edu/course/#/courses/ESS596
Earth and Space Sciences (ESS),ESS,https://www.washington.edu/students/timeschd/WIN2021/ess.html,ESS597,APP GEOSCI INVESTGN ,,https://myplan.uw.edu/course/#/courses/ESS597
Earth and Space Sciences (ESS),ESS,https://www.washington.edu/students/timeschd/WIN2021/ess.html,ESS599,SEMINAR,,https://myplan.uw.edu/course/#/courses/ESS599
Earth and Space Sciences (ESS),ESS,https://www.washington.edu/students/timeschd/WIN2021/ess.html,ESS600,INDEPNDNT STDY/RSCH ,,https://myplan.uw.edu/course/#/courses/ESS600
Earth and Space Sciences (ESS),ESS,https://www.washington.edu/students/timeschd/WIN2021/ess.html,ESS601,INTERNSHIP,,https://myplan.uw.edu/course/#/courses/ESS601
Earth and Space Sciences (ESS),ESS,https://www.washington.edu/students/timeschd/WIN2021/ess.html,ESS700,MASTERS THESIS,,https://myplan.uw.edu/course/#/courses/ESS700
Earth and Space Sciences (ESS),ESS,https://www.washington.edu/students/timeschd/WIN2021/ess.html,ESS800,DOCTORAL DISSERTATN ,,https://myplan.uw.edu/course/#/courses/ESS800
