department_name,department_abbr,department_url,course_num,course_name,course_credit_type,course_myplan_url
Family Medicine (FAMED),FAMED,https://www.washington.edu/students/timeschd/WIN2021/famed.html,FAMED499,UNDERGRAD RESEARCH,,https://myplan.uw.edu/course/#/courses/FAMED499
Family Medicine (FAMED),FAMED,https://www.washington.edu/students/timeschd/WIN2021/famed.html,FAMED556,SPAN HEALTH PROF,,https://myplan.uw.edu/course/#/courses/FAMED556
Family Medicine (FAMED),FAMED,https://www.washington.edu/students/timeschd/WIN2021/famed.html,FAMED598,FAMED IND STDY REM,,https://myplan.uw.edu/course/#/courses/FAMED598
Family Medicine (FAMED),FAMED,https://www.washington.edu/students/timeschd/WIN2021/famed.html,FAMED630P,P-WRITE FAMED CLK,,https://myplan.uw.edu/course/#/courses/FAMED630P
Family Medicine (FAMED),FAMED,https://www.washington.edu/students/timeschd/WIN2021/famed.html,FAMED631P,P-LIC FAMED OLY,,https://myplan.uw.edu/course/#/courses/FAMED631P
Family Medicine (FAMED),FAMED,https://www.washington.edu/students/timeschd/WIN2021/famed.html,FAMED632P,P-CLCLK FAMED BOZEM ,,https://myplan.uw.edu/course/#/courses/FAMED632P
Family Medicine (FAMED),FAMED,https://www.washington.edu/students/timeschd/WIN2021/famed.html,FAMED633P,P-CLCLK FAMED LEAVN ,,https://myplan.uw.edu/course/#/courses/FAMED633P
Family Medicine (FAMED),FAMED,https://www.washington.edu/students/timeschd/WIN2021/famed.html,FAMED634P,P-CLCLK FAMED SITKA ,,https://myplan.uw.edu/course/#/courses/FAMED634P
Family Medicine (FAMED),FAMED,https://www.washington.edu/students/timeschd/WIN2021/famed.html,FAMED635P,P-CLCLK FAMED CHEYNE,,https://myplan.uw.edu/course/#/courses/FAMED635P
Family Medicine (FAMED),FAMED,https://www.washington.edu/students/timeschd/WIN2021/famed.html,FAMED639P,P-CLCKFAMED DOUG,,https://myplan.uw.edu/course/#/courses/FAMED639P
Family Medicine (FAMED),FAMED,https://www.washington.edu/students/timeschd/WIN2021/famed.html,FAMED662P,P-CLCLK FAMED BUF,,https://myplan.uw.edu/course/#/courses/FAMED662P
Family Medicine (FAMED),FAMED,https://www.washington.edu/students/timeschd/WIN2021/famed.html,FAMED663P,P-FAMED PETERSBURG,,https://myplan.uw.edu/course/#/courses/FAMED663P
Family Medicine (FAMED),FAMED,https://www.washington.edu/students/timeschd/WIN2021/famed.html,FAMED664P,P-CLCLK FAMED BLNGS ,,https://myplan.uw.edu/course/#/courses/FAMED664P
Family Medicine (FAMED),FAMED,https://www.washington.edu/students/timeschd/WIN2021/famed.html,FAMED665P,P-CLCLK FAMED MISOU ,,https://myplan.uw.edu/course/#/courses/FAMED665P
Family Medicine (FAMED),FAMED,https://www.washington.edu/students/timeschd/WIN2021/famed.html,FAMED666P,P-CLCLK FAMED TORNG ,,https://myplan.uw.edu/course/#/courses/FAMED666P
Family Medicine (FAMED),FAMED,https://www.washington.edu/students/timeschd/WIN2021/famed.html,FAMED667P,P-CLCKFAMED H BREM,,https://myplan.uw.edu/course/#/courses/FAMED667P
Family Medicine (FAMED),FAMED,https://www.washington.edu/students/timeschd/WIN2021/famed.html,FAMED669P,P-CLCLK FAMED CDA,,https://myplan.uw.edu/course/#/courses/FAMED669P
Family Medicine (FAMED),FAMED,https://www.washington.edu/students/timeschd/WIN2021/famed.html,FAMED673P,P-CLCLKFAMED SPO SH ,,https://myplan.uw.edu/course/#/courses/FAMED673P
Family Medicine (FAMED),FAMED,https://www.washington.edu/students/timeschd/WIN2021/famed.html,FAMED676P,P-CLK FAMED LIBBY,,https://myplan.uw.edu/course/#/courses/FAMED676P
Family Medicine (FAMED),FAMED,https://www.washington.edu/students/timeschd/WIN2021/famed.html,FAMED677P,P-CLK FAMED GR COUL ,,https://myplan.uw.edu/course/#/courses/FAMED677P
Family Medicine (FAMED),FAMED,https://www.washington.edu/students/timeschd/WIN2021/famed.html,FAMED678P,P-CLK FAMED PT ANGL ,,https://myplan.uw.edu/course/#/courses/FAMED678P
Family Medicine (FAMED),FAMED,https://www.washington.edu/students/timeschd/WIN2021/famed.html,FAMED679P,P-CLK FAMED FERNDALE,,https://myplan.uw.edu/course/#/courses/FAMED679P
Family Medicine (FAMED),FAMED,https://www.washington.edu/students/timeschd/WIN2021/famed.html,FAMED682P,P-CLK FAMED ELLNBRG ,,https://myplan.uw.edu/course/#/courses/FAMED682P
Family Medicine (FAMED),FAMED,https://www.washington.edu/students/timeschd/WIN2021/famed.html,FAMED683P,P-CLK FAMED LEWISTN ,,https://myplan.uw.edu/course/#/courses/FAMED683P
Family Medicine (FAMED),FAMED,https://www.washington.edu/students/timeschd/WIN2021/famed.html,FAMED684P,P-CLK FAMED BUTTE,,https://myplan.uw.edu/course/#/courses/FAMED684P
Family Medicine (FAMED),FAMED,https://www.washington.edu/students/timeschd/WIN2021/famed.html,FAMED685P,P-CLK FAMED JUNEAU,,https://myplan.uw.edu/course/#/courses/FAMED685P
Family Medicine (FAMED),FAMED,https://www.washington.edu/students/timeschd/WIN2021/famed.html,FAMED686P,P-CLK FAMED PT TOWN ,,https://myplan.uw.edu/course/#/courses/FAMED686P
Family Medicine (FAMED),FAMED,https://www.washington.edu/students/timeschd/WIN2021/famed.html,FAMED687P,P-CLCLK FMED WSLMN,,https://myplan.uw.edu/course/#/courses/FAMED687P
Family Medicine (FAMED),FAMED,https://www.washington.edu/students/timeschd/WIN2021/famed.html,FAMED688P,P-FAM MED SUB-I,,https://myplan.uw.edu/course/#/courses/FAMED688P
Family Medicine (FAMED),FAMED,https://www.washington.edu/students/timeschd/WIN2021/famed.html,FAMED689P,P-SPTS MD FAMED SPO ,,https://myplan.uw.edu/course/#/courses/FAMED689P
Family Medicine (FAMED),FAMED,https://www.washington.edu/students/timeschd/WIN2021/famed.html,FAMED690,ONE HLTH CLIN ELECT ,,https://myplan.uw.edu/course/#/courses/FAMED690
Family Medicine (FAMED),FAMED,https://www.washington.edu/students/timeschd/WIN2021/famed.html,FAMED701,WRITE ADV OPT CLKSHP,,https://myplan.uw.edu/course/#/courses/FAMED701
Family Medicine (FAMED),FAMED,https://www.washington.edu/students/timeschd/WIN2021/famed.html,FAMED702,ADV FAMED OPT CLKSHP,,https://myplan.uw.edu/course/#/courses/FAMED702
Family Medicine (FAMED),FAMED,https://www.washington.edu/students/timeschd/WIN2021/famed.html,FAMED703,ADV LGBTQ PC CLKSHP ,,https://myplan.uw.edu/course/#/courses/FAMED703
Family Medicine (FAMED),FAMED,https://www.washington.edu/students/timeschd/WIN2021/famed.html,FAMED704,FM ADV INPT CLRKSHP ,,https://myplan.uw.edu/course/#/courses/FAMED704
