department_name,department_abbr,department_url,course_num,course_name,course_credit_type,course_myplan_url
Human Centered Design and Engineering (HCDE),HCDE,https://www.washington.edu/students/timeschd/WIN2021/hcde.html,HCDE210,EXPLORATIONS IN HCD ,I&S,https://myplan.uw.edu/course/#/courses/HCDE210
Human Centered Design and Engineering (HCDE),HCDE,https://www.washington.edu/students/timeschd/WIN2021/hcde.html,HCDE300,FOUNDATIONS OF HCDE ,,https://myplan.uw.edu/course/#/courses/HCDE300
Human Centered Design and Engineering (HCDE),HCDE,https://www.washington.edu/students/timeschd/WIN2021/hcde.html,HCDE301,ADV COMM HCDE,,https://myplan.uw.edu/course/#/courses/HCDE301
Human Centered Design and Engineering (HCDE),HCDE,https://www.washington.edu/students/timeschd/WIN2021/hcde.html,HCDE308,VISUAL COMM HCDE,VLPA,https://myplan.uw.edu/course/#/courses/HCDE308
Human Centered Design and Engineering (HCDE),HCDE,https://www.washington.edu/students/timeschd/WIN2021/hcde.html,HCDE313,INTRO USER RSRCH,,https://myplan.uw.edu/course/#/courses/HCDE313
Human Centered Design and Engineering (HCDE),HCDE,https://www.washington.edu/students/timeschd/WIN2021/hcde.html,HCDE318,INTRO USER CENT DES ,,https://myplan.uw.edu/course/#/courses/HCDE318
Human Centered Design and Engineering (HCDE),HCDE,https://www.washington.edu/students/timeschd/WIN2021/hcde.html,HCDE322,ORG TEAMWORK,,https://myplan.uw.edu/course/#/courses/HCDE322
Human Centered Design and Engineering (HCDE),HCDE,https://www.washington.edu/students/timeschd/WIN2021/hcde.html,HCDE419,CONCEPTS IN HCI,I&S,https://myplan.uw.edu/course/#/courses/HCDE419
Human Centered Design and Engineering (HCDE),HCDE,https://www.washington.edu/students/timeschd/WIN2021/hcde.html,HCDE438,WEB TECHNOLOGIES,,https://myplan.uw.edu/course/#/courses/HCDE438
Human Centered Design and Engineering (HCDE),HCDE,https://www.washington.edu/students/timeschd/WIN2021/hcde.html,HCDE439,PHYSICAL COMPUTING,,https://myplan.uw.edu/course/#/courses/HCDE439
Human Centered Design and Engineering (HCDE),HCDE,https://www.washington.edu/students/timeschd/WIN2021/hcde.html,HCDE492,CAPSTONE PLANNING,,https://myplan.uw.edu/course/#/courses/HCDE492
Human Centered Design and Engineering (HCDE),HCDE,https://www.washington.edu/students/timeschd/WIN2021/hcde.html,HCDE496,RESEARCH IN HCDE,,https://myplan.uw.edu/course/#/courses/HCDE496
Human Centered Design and Engineering (HCDE),HCDE,https://www.washington.edu/students/timeschd/WIN2021/hcde.html,HCDE499,SPECIAL PROJECTS,,https://myplan.uw.edu/course/#/courses/HCDE499
Human Centered Design and Engineering (HCDE),HCDE,https://www.washington.edu/students/timeschd/WIN2021/hcde.html,HCDE503,NAVIG DESIGN ORG,,https://myplan.uw.edu/course/#/courses/HCDE503
Human Centered Design and Engineering (HCDE),HCDE,https://www.washington.edu/students/timeschd/WIN2021/hcde.html,HCDE511,INFO VISUALIZATION,,https://myplan.uw.edu/course/#/courses/HCDE511
Human Centered Design and Engineering (HCDE),HCDE,https://www.washington.edu/students/timeschd/WIN2021/hcde.html,HCDE517,USABILITY STUDIES,,https://myplan.uw.edu/course/#/courses/HCDE517
Human Centered Design and Engineering (HCDE),HCDE,https://www.washington.edu/students/timeschd/WIN2021/hcde.html,HCDE519,QUAL RES METHODS,,https://myplan.uw.edu/course/#/courses/HCDE519
Human Centered Design and Engineering (HCDE),HCDE,https://www.washington.edu/students/timeschd/WIN2021/hcde.html,HCDE521,SEMINAR ISSUES HCDE ,,https://myplan.uw.edu/course/#/courses/HCDE521
Human Centered Design and Engineering (HCDE),HCDE,https://www.washington.edu/students/timeschd/WIN2021/hcde.html,HCDE523,DUB SEMINAR,,https://myplan.uw.edu/course/#/courses/HCDE523
Human Centered Design and Engineering (HCDE),HCDE,https://www.washington.edu/students/timeschd/WIN2021/hcde.html,HCDE534,DES HUM CEN VEN,,https://myplan.uw.edu/course/#/courses/HCDE534
Human Centered Design and Engineering (HCDE),HCDE,https://www.washington.edu/students/timeschd/WIN2021/hcde.html,HCDE539,PHYS COMP & PROTO,,https://myplan.uw.edu/course/#/courses/HCDE539
Human Centered Design and Engineering (HCDE),HCDE,https://www.washington.edu/students/timeschd/WIN2021/hcde.html,HCDE542,THEORY FOUNDATIONS,,https://myplan.uw.edu/course/#/courses/HCDE542
Human Centered Design and Engineering (HCDE),HCDE,https://www.washington.edu/students/timeschd/WIN2021/hcde.html,HCDE544,RESEARCH METHODS I,,https://myplan.uw.edu/course/#/courses/HCDE544
Human Centered Design and Engineering (HCDE),HCDE,https://www.washington.edu/students/timeschd/WIN2021/hcde.html,HCDE547,ACAD RES SEMINAR,,https://myplan.uw.edu/course/#/courses/HCDE547
Human Centered Design and Engineering (HCDE),HCDE,https://www.washington.edu/students/timeschd/WIN2021/hcde.html,HCDE596,RESEARCH IN HCDE,,https://myplan.uw.edu/course/#/courses/HCDE596
Human Centered Design and Engineering (HCDE),HCDE,https://www.washington.edu/students/timeschd/WIN2021/hcde.html,HCDE598,SPECIAL TOPICS,,https://myplan.uw.edu/course/#/courses/HCDE598
Human Centered Design and Engineering (HCDE),HCDE,https://www.washington.edu/students/timeschd/WIN2021/hcde.html,HCDE599,SPECIAL PROJECTS,,https://myplan.uw.edu/course/#/courses/HCDE599
Human Centered Design and Engineering (HCDE),HCDE,https://www.washington.edu/students/timeschd/WIN2021/hcde.html,HCDE600,IND STUDY/RESEARCH,,https://myplan.uw.edu/course/#/courses/HCDE600
Human Centered Design and Engineering (HCDE),HCDE,https://www.washington.edu/students/timeschd/WIN2021/hcde.html,HCDE601,INTERNSHIP,,https://myplan.uw.edu/course/#/courses/HCDE601
Human Centered Design and Engineering (HCDE),HCDE,https://www.washington.edu/students/timeschd/WIN2021/hcde.html,HCDE800,DOCTORAL DISSERTATN ,,https://myplan.uw.edu/course/#/courses/HCDE800
