department_name,department_abbr,department_url,course_num,course_name,course_credit_type,course_myplan_url
Hindi (HINDI),HINDI,https://www.washington.edu/students/timeschd/WIN2021/hindi.html,HINDI102,ELEMENTARY HINDI,,https://myplan.uw.edu/course/#/courses/HINDI102
Hindi (HINDI),HINDI,https://www.washington.edu/students/timeschd/WIN2021/hindi.html,HINDI202,INTERMED HINDI,VLPA,https://myplan.uw.edu/course/#/courses/HINDI202
Hindi (HINDI),HINDI,https://www.washington.edu/students/timeschd/WIN2021/hindi.html,HINDI424,MOD HINDI LIT-DRAMA ,VLPA/I&S,https://myplan.uw.edu/course/#/courses/HINDI424
Hindi (HINDI),HINDI,https://www.washington.edu/students/timeschd/WIN2021/hindi.html,HINDI499,UNDERGRAD RESEARCH,,https://myplan.uw.edu/course/#/courses/HINDI499
Hindi (HINDI),HINDI,https://www.washington.edu/students/timeschd/WIN2021/hindi.html,HINDI524,MOD HINDI LIT-DRAMA ,,https://myplan.uw.edu/course/#/courses/HINDI524
