department_name,department_abbr,department_url,course_num,course_name,course_credit_type,course_myplan_url
Health Metrics Sciences (HMS),HMS,https://www.washington.edu/students/timeschd/WIN2021/hms.html,HMS530,GBD MTHDS & RESULTS ,,https://myplan.uw.edu/course/#/courses/HMS530
Health Metrics Sciences (HMS),HMS,https://www.washington.edu/students/timeschd/WIN2021/hms.html,HMS536,ADVD METHDS GH II,,https://myplan.uw.edu/course/#/courses/HMS536
Health Metrics Sciences (HMS),HMS,https://www.washington.edu/students/timeschd/WIN2021/hms.html,HMS580,DOCTORAL SEMINAR,,https://myplan.uw.edu/course/#/courses/HMS580
Health Metrics Sciences (HMS),HMS,https://www.washington.edu/students/timeschd/WIN2021/hms.html,HMS592,HLTH MTR SEM,,https://myplan.uw.edu/course/#/courses/HMS592
