department_name,department_abbr,department_url,course_num,course_name,course_credit_type,course_myplan_url
Latin (LATIN),LATIN,https://www.washington.edu/students/timeschd/WIN2021/latin.html,LATIN102,INTRODUCTORY LATIN,VLPA,https://myplan.uw.edu/course/#/courses/LATIN102
Latin (LATIN),LATIN,https://www.washington.edu/students/timeschd/WIN2021/latin.html,LATIN300,INTRO LATIN ACCEL,VLPA,https://myplan.uw.edu/course/#/courses/LATIN300
Latin (LATIN),LATIN,https://www.washington.edu/students/timeschd/WIN2021/latin.html,LATIN306,CICERO & OVID,VLPA,https://myplan.uw.edu/course/#/courses/LATIN306
Latin (LATIN),LATIN,https://www.washington.edu/students/timeschd/WIN2021/latin.html,LATIN462,LAT LIT OF AUG AGE,VLPA,https://myplan.uw.edu/course/#/courses/LATIN462
Latin (LATIN),LATIN,https://www.washington.edu/students/timeschd/WIN2021/latin.html,LATIN490,SUPERVISED STUDY,,https://myplan.uw.edu/course/#/courses/LATIN490
Latin (LATIN),LATIN,https://www.washington.edu/students/timeschd/WIN2021/latin.html,LATIN520,SEMINAR,,https://myplan.uw.edu/course/#/courses/LATIN520
Latin (LATIN),LATIN,https://www.washington.edu/students/timeschd/WIN2021/latin.html,LATIN590,SUPERVISED STUDY,,https://myplan.uw.edu/course/#/courses/LATIN590
Latin (LATIN),LATIN,https://www.washington.edu/students/timeschd/WIN2021/latin.html,LATIN600,INDEPNDNT STDY/RSCH ,,https://myplan.uw.edu/course/#/courses/LATIN600
