department_name,department_abbr,department_url,course_num,course_name,course_credit_type,course_myplan_url
Law (Health) (LAW H),LAW H,https://www.washington.edu/students/timeschd/WIN2021/lawh.html,LAWH503,MED ETH & JURIS,,https://myplan.uw.edu/course/#/courses/LAWH503
Law (Health) (LAW H),LAW H,https://www.washington.edu/students/timeschd/WIN2021/lawh.html,LAWH508,BEGINNING OF LIFE,,https://myplan.uw.edu/course/#/courses/LAWH508
Law (Health) (LAW H),LAW H,https://www.washington.edu/students/timeschd/WIN2021/lawh.html,LAWH510,TOPICS IN LAW & MED ,,https://myplan.uw.edu/course/#/courses/LAWH510
Law (Health) (LAW H),LAW H,https://www.washington.edu/students/timeschd/WIN2021/lawh.html,LAWH520,GENETICS & THE LAW,,https://myplan.uw.edu/course/#/courses/LAWH520
Law (Health) (LAW H),LAW H,https://www.washington.edu/students/timeschd/WIN2021/lawh.html,LAWH528,HLTH LAW PRACTICUM,,https://myplan.uw.edu/course/#/courses/LAWH528
Law (Health) (LAW H),LAW H,https://www.washington.edu/students/timeschd/WIN2021/lawh.html,LAWH545,FDA LAW,,https://myplan.uw.edu/course/#/courses/LAWH545
