department_name,department_abbr,department_url,course_num,course_name,course_credit_type,course_myplan_url
Medicine (MED),MED,https://www.washington.edu/students/timeschd/WIN2021/medicine.html,MED499,UNDERGRAD RESEARCH,,https://myplan.uw.edu/course/#/courses/MED499
Medicine (MED),MED,https://www.washington.edu/students/timeschd/WIN2021/medicine.html,MED503,CARDIAC ULTRASOUND,,https://myplan.uw.edu/course/#/courses/MED503
Medicine (MED),MED,https://www.washington.edu/students/timeschd/WIN2021/medicine.html,MED505P,P-PRECEP IN MED,,https://myplan.uw.edu/course/#/courses/MED505P
Medicine (MED),MED,https://www.washington.edu/students/timeschd/WIN2021/medicine.html,MED522,INTRO HUM MED GEN,,https://myplan.uw.edu/course/#/courses/MED522
Medicine (MED),MED,https://www.washington.edu/students/timeschd/WIN2021/medicine.html,MED549,CLIN MED GENETICS,,https://myplan.uw.edu/course/#/courses/MED549
Medicine (MED),MED,https://www.washington.edu/students/timeschd/WIN2021/medicine.html,MED555P,P-MIND/BODY/PEN,,https://myplan.uw.edu/course/#/courses/MED555P
Medicine (MED),MED,https://www.washington.edu/students/timeschd/WIN2021/medicine.html,MED600,INDEPNDT STDY/RSCH,,https://myplan.uw.edu/course/#/courses/MED600
