department_name,department_abbr,department_url,course_num,course_name,course_credit_type,course_myplan_url
Medical Science (MEDSCI),MEDSCI,https://www.washington.edu/students/timeschd/WIN2021/medsci.html,MEDSCI504,FOUNDATION CLIN MED ,,https://myplan.uw.edu/course/#/courses/MEDSCI504
Medical Science (MEDSCI),MEDSCI,https://www.washington.edu/students/timeschd/WIN2021/medsci.html,MEDSCI511,MCBD IND STUDY REM,,https://myplan.uw.edu/course/#/courses/MEDSCI511
Medical Science (MEDSCI),MEDSCI,https://www.washington.edu/students/timeschd/WIN2021/medsci.html,MEDSCI521,INV IND STUDY REM,,https://myplan.uw.edu/course/#/courses/MEDSCI521
Medical Science (MEDSCI),MEDSCI,https://www.washington.edu/students/timeschd/WIN2021/medsci.html,MEDSCI525,THEME MED FOUND2,,https://myplan.uw.edu/course/#/courses/MEDSCI525
Medical Science (MEDSCI),MEDSCI,https://www.washington.edu/students/timeschd/WIN2021/medsci.html,MEDSCI530P,P-CIRCU SYSTEMS,,https://myplan.uw.edu/course/#/courses/MEDSCI530P
Medical Science (MEDSCI),MEDSCI,https://www.washington.edu/students/timeschd/WIN2021/medsci.html,MEDSCI531,CIRC IND STUDY REM,,https://myplan.uw.edu/course/#/courses/MEDSCI531
Medical Science (MEDSCI),MEDSCI,https://www.washington.edu/students/timeschd/WIN2021/medsci.html,MEDSCI541,BC MSK IND STUDY REM,,https://myplan.uw.edu/course/#/courses/MEDSCI541
Medical Science (MEDSCI),MEDSCI,https://www.washington.edu/students/timeschd/WIN2021/medsci.html,MEDSCI551,ENERGET IND STDY REM,,https://myplan.uw.edu/course/#/courses/MEDSCI551
Medical Science (MEDSCI),MEDSCI,https://www.washington.edu/students/timeschd/WIN2021/medsci.html,MEDSCI561,MBB IND STUDY REM,,https://myplan.uw.edu/course/#/courses/MEDSCI561
Medical Science (MEDSCI),MEDSCI,https://www.washington.edu/students/timeschd/WIN2021/medsci.html,MEDSCI571,LIFE IND STUDY REM,,https://myplan.uw.edu/course/#/courses/MEDSCI571
Medical Science (MEDSCI),MEDSCI,https://www.washington.edu/students/timeschd/WIN2021/medsci.html,MEDSCI579,COMP BASIC SCI REV,,https://myplan.uw.edu/course/#/courses/MEDSCI579
Medical Science (MEDSCI),MEDSCI,https://www.washington.edu/students/timeschd/WIN2021/medsci.html,MEDSCI581P,P-FOUND CAPSTONE,,https://myplan.uw.edu/course/#/courses/MEDSCI581P
Medical Science (MEDSCI),MEDSCI,https://www.washington.edu/students/timeschd/WIN2021/medsci.html,MEDSCI582P,P-CONSOLIDATION,,https://myplan.uw.edu/course/#/courses/MEDSCI582P
Medical Science (MEDSCI),MEDSCI,https://www.washington.edu/students/timeschd/WIN2021/medsci.html,MEDSCI583P,P-TRANSITION CLERK,,https://myplan.uw.edu/course/#/courses/MEDSCI583P
Medical Science (MEDSCI),MEDSCI,https://www.washington.edu/students/timeschd/WIN2021/medsci.html,MEDSCI584,FCM IND STDY REM,,https://myplan.uw.edu/course/#/courses/MEDSCI584
Medical Science (MEDSCI),MEDSCI,https://www.washington.edu/students/timeschd/WIN2021/medsci.html,MEDSCI585,RM IND STDY,,https://myplan.uw.edu/course/#/courses/MEDSCI585
Medical Science (MEDSCI),MEDSCI,https://www.washington.edu/students/timeschd/WIN2021/medsci.html,MEDSCI586,CNT IND STUDY REM,,https://myplan.uw.edu/course/#/courses/MEDSCI586
Medical Science (MEDSCI),MEDSCI,https://www.washington.edu/students/timeschd/WIN2021/medsci.html,MEDSCI587,EPI IND STDY TRM3,,https://myplan.uw.edu/course/#/courses/MEDSCI587
Medical Science (MEDSCI),MEDSCI,https://www.washington.edu/students/timeschd/WIN2021/medsci.html,MEDSCI588,HFF IND STDY TRM1,,https://myplan.uw.edu/course/#/courses/MEDSCI588
Medical Science (MEDSCI),MEDSCI,https://www.washington.edu/students/timeschd/WIN2021/medsci.html,MEDSCI589,HFF IND STDY TRM2,,https://myplan.uw.edu/course/#/courses/MEDSCI589
Medical Science (MEDSCI),MEDSCI,https://www.washington.edu/students/timeschd/WIN2021/medsci.html,MEDSCI590,HFF IND STDY TRM3,,https://myplan.uw.edu/course/#/courses/MEDSCI590
Medical Science (MEDSCI),MEDSCI,https://www.washington.edu/students/timeschd/WIN2021/medsci.html,MEDSCI591,PATH IND STDY TRM1,,https://myplan.uw.edu/course/#/courses/MEDSCI591
Medical Science (MEDSCI),MEDSCI,https://www.washington.edu/students/timeschd/WIN2021/medsci.html,MEDSCI592,PATH IND STDY TRM2,,https://myplan.uw.edu/course/#/courses/MEDSCI592
Medical Science (MEDSCI),MEDSCI,https://www.washington.edu/students/timeschd/WIN2021/medsci.html,MEDSCI593,PATH IND STDY TRM3,,https://myplan.uw.edu/course/#/courses/MEDSCI593
Medical Science (MEDSCI),MEDSCI,https://www.washington.edu/students/timeschd/WIN2021/medsci.html,MEDSCI594,PHARM IND STDY TRM1 ,,https://myplan.uw.edu/course/#/courses/MEDSCI594
Medical Science (MEDSCI),MEDSCI,https://www.washington.edu/students/timeschd/WIN2021/medsci.html,MEDSCI595,PHARM IND STDY TRM2 ,,https://myplan.uw.edu/course/#/courses/MEDSCI595
Medical Science (MEDSCI),MEDSCI,https://www.washington.edu/students/timeschd/WIN2021/medsci.html,MEDSCI596,PHARM IND STDY TRM3 ,,https://myplan.uw.edu/course/#/courses/MEDSCI596
Medical Science (MEDSCI),MEDSCI,https://www.washington.edu/students/timeschd/WIN2021/medsci.html,MEDSCI597,USMLE 1 IND STUDY,,https://myplan.uw.edu/course/#/courses/MEDSCI597
Medical Science (MEDSCI),MEDSCI,https://www.washington.edu/students/timeschd/WIN2021/medsci.html,MEDSCI598,USMLE 2 IND STUDY,,https://myplan.uw.edu/course/#/courses/MEDSCI598
Medical Science (MEDSCI),MEDSCI,https://www.washington.edu/students/timeschd/WIN2021/medsci.html,MEDSCI599,IND STUDY,,https://myplan.uw.edu/course/#/courses/MEDSCI599
Medical Science (MEDSCI),MEDSCI,https://www.washington.edu/students/timeschd/WIN2021/medsci.html,MEDSCI699,CLINICAL INDEP STUDY,,https://myplan.uw.edu/course/#/courses/MEDSCI699
