department_name,department_abbr,department_url,course_num,course_name,course_credit_type,course_myplan_url
Music (MUSIC),MUSIC,https://www.washington.edu/students/timeschd/WIN2021/music.html,MUSIC116,ELEM MUSIC THEORY,VLPA,https://myplan.uw.edu/course/#/courses/MUSIC116
Music (MUSIC),MUSIC,https://www.washington.edu/students/timeschd/WIN2021/music.html,MUSIC120,SURVEY OF MUSIC,VLPA,https://myplan.uw.edu/course/#/courses/MUSIC120
Music (MUSIC),MUSIC,https://www.washington.edu/students/timeschd/WIN2021/music.html,MUSIC131,HISTORY OF JAZZ,VLPA,https://myplan.uw.edu/course/#/courses/MUSIC131
Music (MUSIC),MUSIC,https://www.washington.edu/students/timeschd/WIN2021/music.html,MUSIC160,AMERICAN FOLK MUSIC ,VLPA,https://myplan.uw.edu/course/#/courses/MUSIC160
Music (MUSIC),MUSIC,https://www.washington.edu/students/timeschd/WIN2021/music.html,MUSIC162,AMER POP SONG,VLPA,https://myplan.uw.edu/course/#/courses/MUSIC162
Music (MUSIC),MUSIC,https://www.washington.edu/students/timeschd/WIN2021/music.html,MUSIC185,THE CONCERT SEASON,VLPA,https://myplan.uw.edu/course/#/courses/MUSIC185
Music (MUSIC),MUSIC,https://www.washington.edu/students/timeschd/WIN2021/music.html,MUSIC201,1ST YEAR THEORY I,VLPA,https://myplan.uw.edu/course/#/courses/MUSIC201
Music (MUSIC),MUSIC,https://www.washington.edu/students/timeschd/WIN2021/music.html,MUSIC217,INTRODUCTORY COMP,VLPA,https://myplan.uw.edu/course/#/courses/MUSIC217
Music (MUSIC),MUSIC,https://www.washington.edu/students/timeschd/WIN2021/music.html,MUSIC240,REEDMAKING,VLPA,https://myplan.uw.edu/course/#/courses/MUSIC240
Music (MUSIC),MUSIC,https://www.washington.edu/students/timeschd/WIN2021/music.html,MUSIC301,2ND YR THEORY I,VLPA,https://myplan.uw.edu/course/#/courses/MUSIC301
Music (MUSIC),MUSIC,https://www.washington.edu/students/timeschd/WIN2021/music.html,MUSIC304,2ND YR EAR TRN I,VLPA,https://myplan.uw.edu/course/#/courses/MUSIC304
Music (MUSIC),MUSIC,https://www.washington.edu/students/timeschd/WIN2021/music.html,MUSIC327,REPERTOIRE,VLPA,https://myplan.uw.edu/course/#/courses/MUSIC327
Music (MUSIC),MUSIC,https://www.washington.edu/students/timeschd/WIN2021/music.html,MUSIC351,CHORAL CONDUCTING,VLPA,https://myplan.uw.edu/course/#/courses/MUSIC351
Music (MUSIC),MUSIC,https://www.washington.edu/students/timeschd/WIN2021/music.html,MUSIC379,JUNIOR RECITAL,VLPA,https://myplan.uw.edu/course/#/courses/MUSIC379
Music (MUSIC),MUSIC,https://www.washington.edu/students/timeschd/WIN2021/music.html,MUSIC381,INSTRMNTL CONDUCTNG ,VLPA,https://myplan.uw.edu/course/#/courses/MUSIC381
Music (MUSIC),MUSIC,https://www.washington.edu/students/timeschd/WIN2021/music.html,MUSIC391,COMPOSITION,VLPA,https://myplan.uw.edu/course/#/courses/MUSIC391
Music (MUSIC),MUSIC,https://www.washington.edu/students/timeschd/WIN2021/music.html,MUSIC412,FREE IMP JZ COMP 2,VLPA,https://myplan.uw.edu/course/#/courses/MUSIC412
Music (MUSIC),MUSIC,https://www.washington.edu/students/timeschd/WIN2021/music.html,MUSIC434,PEDAGOGY,VLPA,https://myplan.uw.edu/course/#/courses/MUSIC434
Music (MUSIC),MUSIC,https://www.washington.edu/students/timeschd/WIN2021/music.html,MUSIC435,PEDAGOGY,VLPA,https://myplan.uw.edu/course/#/courses/MUSIC435
Music (MUSIC),MUSIC,https://www.washington.edu/students/timeschd/WIN2021/music.html,MUSIC437,STUDIO CLASS,VLPA,https://myplan.uw.edu/course/#/courses/MUSIC437
Music (MUSIC),MUSIC,https://www.washington.edu/students/timeschd/WIN2021/music.html,MUSIC443,MUSIC AND COMMUNITY ,VLPA,https://myplan.uw.edu/course/#/courses/MUSIC443
Music (MUSIC),MUSIC,https://www.washington.edu/students/timeschd/WIN2021/music.html,MUSIC445,SEL TOPICS IN ETHNO ,VLPA/I&S,https://myplan.uw.edu/course/#/courses/MUSIC445
Music (MUSIC),MUSIC,https://www.washington.edu/students/timeschd/WIN2021/music.html,MUSIC449,ADVANCED PIANO REP,VLPA/I&S,https://myplan.uw.edu/course/#/courses/MUSIC449
Music (MUSIC),MUSIC,https://www.washington.edu/students/timeschd/WIN2021/music.html,MUSIC461,AD VO REP ART SONGS ,VLPA,https://myplan.uw.edu/course/#/courses/MUSIC461
Music (MUSIC),MUSIC,https://www.washington.edu/students/timeschd/WIN2021/music.html,MUSIC464,JAZZ LAB,VLPA,https://myplan.uw.edu/course/#/courses/MUSIC464
Music (MUSIC),MUSIC,https://www.washington.edu/students/timeschd/WIN2021/music.html,MUSIC468,ADV JAZZ IMPROV II,VLPA,https://myplan.uw.edu/course/#/courses/MUSIC468
Music (MUSIC),MUSIC,https://www.washington.edu/students/timeschd/WIN2021/music.html,MUSIC470,INTRO TO SCHENKER,VLPA,https://myplan.uw.edu/course/#/courses/MUSIC470
Music (MUSIC),MUSIC,https://www.washington.edu/students/timeschd/WIN2021/music.html,MUSIC479,SENIOR RECITAL,VLPA,https://myplan.uw.edu/course/#/courses/MUSIC479
Music (MUSIC),MUSIC,https://www.washington.edu/students/timeschd/WIN2021/music.html,MUSIC484,CHORAL REP:20 CENT,VLPA,https://myplan.uw.edu/course/#/courses/MUSIC484
Music (MUSIC),MUSIC,https://www.washington.edu/students/timeschd/WIN2021/music.html,MUSIC491,COMPOSITION,VLPA,https://myplan.uw.edu/course/#/courses/MUSIC491
Music (MUSIC),MUSIC,https://www.washington.edu/students/timeschd/WIN2021/music.html,MUSIC498,SENIOR THESIS,VLPA,https://myplan.uw.edu/course/#/courses/MUSIC498
Music (MUSIC),MUSIC,https://www.washington.edu/students/timeschd/WIN2021/music.html,MUSIC499,UNDERGRAD RESEARCH,,https://myplan.uw.edu/course/#/courses/MUSIC499
Music (MUSIC),MUSIC,https://www.washington.edu/students/timeschd/WIN2021/music.html,MUSIC512,SMNR ETHNOMUSICOLGY ,,https://myplan.uw.edu/course/#/courses/MUSIC512
Music (MUSIC),MUSIC,https://www.washington.edu/students/timeschd/WIN2021/music.html,MUSIC543,MUSIC AND COMMUNITY ,,https://myplan.uw.edu/course/#/courses/MUSIC543
Music (MUSIC),MUSIC,https://www.washington.edu/students/timeschd/WIN2021/music.html,MUSIC551,PRACTICUM MUS INSTR ,,https://myplan.uw.edu/course/#/courses/MUSIC551
Music (MUSIC),MUSIC,https://www.washington.edu/students/timeschd/WIN2021/music.html,MUSIC553,ADV CHORAL TECHNIQS ,,https://myplan.uw.edu/course/#/courses/MUSIC553
Music (MUSIC),MUSIC,https://www.washington.edu/students/timeschd/WIN2021/music.html,MUSIC559,MASTERS RECITAL,,https://myplan.uw.edu/course/#/courses/MUSIC559
Music (MUSIC),MUSIC,https://www.washington.edu/students/timeschd/WIN2021/music.html,MUSIC576,CRIT THEORY MUSIC,,https://myplan.uw.edu/course/#/courses/MUSIC576
Music (MUSIC),MUSIC,https://www.washington.edu/students/timeschd/WIN2021/music.html,MUSIC581,ADVANCED CONDUCTING ,,https://myplan.uw.edu/course/#/courses/MUSIC581
Music (MUSIC),MUSIC,https://www.washington.edu/students/timeschd/WIN2021/music.html,MUSIC583,ADV CHORAL CONDUCTG ,,https://myplan.uw.edu/course/#/courses/MUSIC583
Music (MUSIC),MUSIC,https://www.washington.edu/students/timeschd/WIN2021/music.html,MUSIC590,KEYBOARD RECITAL,,https://myplan.uw.edu/course/#/courses/MUSIC590
Music (MUSIC),MUSIC,https://www.washington.edu/students/timeschd/WIN2021/music.html,MUSIC591,GRADUATE COMP,,https://myplan.uw.edu/course/#/courses/MUSIC591
Music (MUSIC),MUSIC,https://www.washington.edu/students/timeschd/WIN2021/music.html,MUSIC599,ADV SELECTED TOPICS ,,https://myplan.uw.edu/course/#/courses/MUSIC599
Music (MUSIC),MUSIC,https://www.washington.edu/students/timeschd/WIN2021/music.html,MUSIC600,INDEPNDNT STDY/RSCH ,,https://myplan.uw.edu/course/#/courses/MUSIC600
Music (MUSIC),MUSIC,https://www.washington.edu/students/timeschd/WIN2021/music.html,MUSIC700,MASTERS THESIS,,https://myplan.uw.edu/course/#/courses/MUSIC700
Music (MUSIC),MUSIC,https://www.washington.edu/students/timeschd/WIN2021/music.html,MUSIC800,DOCTORAL DISSERTATN ,,https://myplan.uw.edu/course/#/courses/MUSIC800
