department_name,department_abbr,department_url,course_num,course_name,course_credit_type,course_myplan_url
Nursing Clinical (NCLIN),NCLIN,https://www.washington.edu/students/timeschd/WIN2021/nursingcl.html,NCLIN306,FND SKILLS PROF NSG ,,https://myplan.uw.edu/course/#/courses/NCLIN306
Nursing Clinical (NCLIN),NCLIN,https://www.washington.edu/students/timeschd/WIN2021/nursingcl.html,NCLIN403,PRACTICUM: PED NSG,,https://myplan.uw.edu/course/#/courses/NCLIN403
Nursing Clinical (NCLIN),NCLIN,https://www.washington.edu/students/timeschd/WIN2021/nursingcl.html,NCLIN409,COM HEALTH NURSING,,https://myplan.uw.edu/course/#/courses/NCLIN409
Nursing Clinical (NCLIN),NCLIN,https://www.washington.edu/students/timeschd/WIN2021/nursingcl.html,NCLIN416,PRACT CHILDBEAR/FAM ,,https://myplan.uw.edu/course/#/courses/NCLIN416
Nursing Clinical (NCLIN),NCLIN,https://www.washington.edu/students/timeschd/WIN2021/nursingcl.html,NCLIN475,FND INTERPROF PRACT ,,https://myplan.uw.edu/course/#/courses/NCLIN475
Nursing Clinical (NCLIN),NCLIN,https://www.washington.edu/students/timeschd/WIN2021/nursingcl.html,NCLIN502,PEDS HLTH ASSESS,,https://myplan.uw.edu/course/#/courses/NCLIN502
Nursing Clinical (NCLIN),NCLIN,https://www.washington.edu/students/timeschd/WIN2021/nursingcl.html,NCLIN567,APN CLINICAL,,https://myplan.uw.edu/course/#/courses/NCLIN567
Nursing Clinical (NCLIN),NCLIN,https://www.washington.edu/students/timeschd/WIN2021/nursingcl.html,NCLIN599,INDEP CLIN PRACT,,https://myplan.uw.edu/course/#/courses/NCLIN599
Nursing Clinical (NCLIN),NCLIN,https://www.washington.edu/students/timeschd/WIN2021/nursingcl.html,NCLIN801,CLIN PRAC IMMERSION ,,https://myplan.uw.edu/course/#/courses/NCLIN801
