department_name,department_abbr,department_url,course_num,course_name,course_credit_type,course_myplan_url
Neurological Surgery (NEUR S),NEUR S,https://www.washington.edu/students/timeschd/WIN2021/neurosurg.html,NEURS498,UNDERGRAD THESIS,,https://myplan.uw.edu/course/#/courses/NEURS498
Neurological Surgery (NEUR S),NEUR S,https://www.washington.edu/students/timeschd/WIN2021/neurosurg.html,NEURS499,UNDERGRAD RESEARCH,,https://myplan.uw.edu/course/#/courses/NEURS499
Neurological Surgery (NEUR S),NEUR S,https://www.washington.edu/students/timeschd/WIN2021/neurosurg.html,NEURS505P,P-PRECEPT NEUROSURG ,,https://myplan.uw.edu/course/#/courses/NEURS505P
Neurological Surgery (NEUR S),NEUR S,https://www.washington.edu/students/timeschd/WIN2021/neurosurg.html,NEURS655P,P-CLIN NEUR S SPO,,https://myplan.uw.edu/course/#/courses/NEURS655P
Neurological Surgery (NEUR S),NEUR S,https://www.washington.edu/students/timeschd/WIN2021/neurosurg.html,NEURS665P,P-CLIN NEUROSURG,,https://myplan.uw.edu/course/#/courses/NEURS665P
Neurological Surgery (NEUR S),NEUR S,https://www.washington.edu/students/timeschd/WIN2021/neurosurg.html,NEURS699P,P-WWAMI NEUR S ELECT,,https://myplan.uw.edu/course/#/courses/NEURS699P
