department_name,department_abbr,department_url,course_num,course_name,course_credit_type,course_myplan_url
Nursing (NSG),NSG,https://www.washington.edu/students/timeschd/WIN2021/nsg.html,NSG432,INFANT RESILIENCE,I&S,https://myplan.uw.edu/course/#/courses/NSG432
Nursing (NSG),NSG,https://www.washington.edu/students/timeschd/WIN2021/nsg.html,NSG511,COMM PREVENTION,,https://myplan.uw.edu/course/#/courses/NSG511
Nursing (NSG),NSG,https://www.washington.edu/students/timeschd/WIN2021/nsg.html,NSG551,HEALTH POLICY,,https://myplan.uw.edu/course/#/courses/NSG551
Nursing (NSG),NSG,https://www.washington.edu/students/timeschd/WIN2021/nsg.html,NSG552,SOC DETER LTH & EQ,,https://myplan.uw.edu/course/#/courses/NSG552
Nursing (NSG),NSG,https://www.washington.edu/students/timeschd/WIN2021/nsg.html,NSG556,PRGM PLAN & CULTURE ,,https://myplan.uw.edu/course/#/courses/NSG556
Nursing (NSG),NSG,https://www.washington.edu/students/timeschd/WIN2021/nsg.html,NSG560,PEDS CASE STUDIES,,https://myplan.uw.edu/course/#/courses/NSG560
