department_name,department_abbr,department_url,course_num,course_name,course_credit_type,course_myplan_url
Ophthalmology (OPHTH),OPHTH,https://www.washington.edu/students/timeschd/WIN2021/ophthal.html,OPHTH498,UNDERGRAD THESIS,,https://myplan.uw.edu/course/#/courses/OPHTH498
Ophthalmology (OPHTH),OPHTH,https://www.washington.edu/students/timeschd/WIN2021/ophthal.html,OPHTH499,UNDERGRAD RESEARCH,,https://myplan.uw.edu/course/#/courses/OPHTH499
Ophthalmology (OPHTH),OPHTH,https://www.washington.edu/students/timeschd/WIN2021/ophthal.html,OPHTH501P,P-OPHTH PRECEP,,https://myplan.uw.edu/course/#/courses/OPHTH501P
Ophthalmology (OPHTH),OPHTH,https://www.washington.edu/students/timeschd/WIN2021/ophthal.html,OPHTH689P,P-OPHTH - SPOKANE,,https://myplan.uw.edu/course/#/courses/OPHTH689P
Ophthalmology (OPHTH),OPHTH,https://www.washington.edu/students/timeschd/WIN2021/ophthal.html,OPHTH690P,P-OPHTH MISSOULA,,https://myplan.uw.edu/course/#/courses/OPHTH690P
Ophthalmology (OPHTH),OPHTH,https://www.washington.edu/students/timeschd/WIN2021/ophthal.html,OPHTH691P,P-OPHTH CRKSHP-NAMPA,,https://myplan.uw.edu/course/#/courses/OPHTH691P
Ophthalmology (OPHTH),OPHTH,https://www.washington.edu/students/timeschd/WIN2021/ophthal.html,OPHTH692P,P-OPHTH BOZEMAN,,https://myplan.uw.edu/course/#/courses/OPHTH692P
Ophthalmology (OPHTH),OPHTH,https://www.washington.edu/students/timeschd/WIN2021/ophthal.html,OPHTH695P,P-OPHTH ADV ELECTIVE,,https://myplan.uw.edu/course/#/courses/OPHTH695P
Ophthalmology (OPHTH),OPHTH,https://www.washington.edu/students/timeschd/WIN2021/ophthal.html,OPHTH699P,P-WWAMI OPHTH ELECT ,,https://myplan.uw.edu/course/#/courses/OPHTH699P
