department_name,department_abbr,department_url,course_num,course_name,course_credit_type,course_myplan_url
Public Health Genetics (PHG),PHG,https://www.washington.edu/students/timeschd/WIN2021/phg.html,PHG301,INTRO GENETIC EPI,I&S/NW,https://myplan.uw.edu/course/#/courses/PHG301
Public Health Genetics (PHG),PHG,https://www.washington.edu/students/timeschd/WIN2021/phg.html,PHG523,GENETICS & THE LAW,,https://myplan.uw.edu/course/#/courses/PHG523
Public Health Genetics (PHG),PHG,https://www.washington.edu/students/timeschd/WIN2021/phg.html,PHG544,ETH IMPL BIOTECH,,https://myplan.uw.edu/course/#/courses/PHG544
Public Health Genetics (PHG),PHG,https://www.washington.edu/students/timeschd/WIN2021/phg.html,PHG580,INTERACTIVE SEMINAR ,,https://myplan.uw.edu/course/#/courses/PHG580
Public Health Genetics (PHG),PHG,https://www.washington.edu/students/timeschd/WIN2021/phg.html,PHG595,MASTER'S PRACTICUM,,https://myplan.uw.edu/course/#/courses/PHG595
Public Health Genetics (PHG),PHG,https://www.washington.edu/students/timeschd/WIN2021/phg.html,PHG600,INDEPNDNT STDY/RSCH ,,https://myplan.uw.edu/course/#/courses/PHG600
Public Health Genetics (PHG),PHG,https://www.washington.edu/students/timeschd/WIN2021/phg.html,PHG700,MASTERS THESIS,,https://myplan.uw.edu/course/#/courses/PHG700
Public Health Genetics (PHG),PHG,https://www.washington.edu/students/timeschd/WIN2021/phg.html,PHG800,DOCTORAL DISSERTATN ,,https://myplan.uw.edu/course/#/courses/PHG800
