department_name,department_abbr,department_url,course_num,course_name,course_credit_type,course_myplan_url
Pharmacy (PHRMCY),PHRMCY,https://www.washington.edu/students/timeschd/WIN2021/phrmcy.html,PHRMCY502,PHARMACIST FNDTN II ,,https://myplan.uw.edu/course/#/courses/PHRMCY502
Pharmacy (PHRMCY),PHRMCY,https://www.washington.edu/students/timeschd/WIN2021/phrmcy.html,PHRMCY531,PHARMACOTHERA I,,https://myplan.uw.edu/course/#/courses/PHRMCY531
Pharmacy (PHRMCY),PHRMCY,https://www.washington.edu/students/timeschd/WIN2021/phrmcy.html,PHRMCY534,PHARMACOTHERA IV,,https://myplan.uw.edu/course/#/courses/PHRMCY534
Pharmacy (PHRMCY),PHRMCY,https://www.washington.edu/students/timeschd/WIN2021/phrmcy.html,PHRMCY542,PROVIDER READY II,,https://myplan.uw.edu/course/#/courses/PHRMCY542
Pharmacy (PHRMCY),PHRMCY,https://www.washington.edu/students/timeschd/WIN2021/phrmcy.html,PHRMCY545,PROVIDER READY V,,https://myplan.uw.edu/course/#/courses/PHRMCY545
