department_name,department_abbr,department_url,course_num,course_name,course_credit_type,course_myplan_url
Psychology (PSYCH),PSYCH,https://www.washington.edu/students/timeschd/WIN2021/psych.html,PSYCH101,INTRO TO PSYCH,I&S,https://myplan.uw.edu/course/#/courses/PSYCH101
Psychology (PSYCH),PSYCH,https://www.washington.edu/students/timeschd/WIN2021/psych.html,PSYCH202,BIOPSYCH,NW,https://myplan.uw.edu/course/#/courses/PSYCH202
Psychology (PSYCH),PSYCH,https://www.washington.edu/students/timeschd/WIN2021/psych.html,PSYCH203,PERS & INDIV DIFFS,I&S,https://myplan.uw.edu/course/#/courses/PSYCH203
Psychology (PSYCH),PSYCH,https://www.washington.edu/students/timeschd/WIN2021/psych.html,PSYCH205,BEHAVIOR DISORDERS,I&S,https://myplan.uw.edu/course/#/courses/PSYCH205
Psychology (PSYCH),PSYCH,https://www.washington.edu/students/timeschd/WIN2021/psych.html,PSYCH208,HAPPINESS,I&S,https://myplan.uw.edu/course/#/courses/PSYCH208
Psychology (PSYCH),PSYCH,https://www.washington.edu/students/timeschd/WIN2021/psych.html,PSYCH209,FDMNTLS PSYCH RSCH,,https://myplan.uw.edu/course/#/courses/PSYCH209
Psychology (PSYCH),PSYCH,https://www.washington.edu/students/timeschd/WIN2021/psych.html,PSYCH210,HUMAN SEXUALITY,"I&S,DIV",https://myplan.uw.edu/course/#/courses/PSYCH210
Psychology (PSYCH),PSYCH,https://www.washington.edu/students/timeschd/WIN2021/psych.html,PSYCH222,CURRENT TOPICS PSYCH,I&S,https://myplan.uw.edu/course/#/courses/PSYCH222
Psychology (PSYCH),PSYCH,https://www.washington.edu/students/timeschd/WIN2021/psych.html,PSYCH257,PSYCH OF GENDER,"I&S,DIV",https://myplan.uw.edu/course/#/courses/PSYCH257
Psychology (PSYCH),PSYCH,https://www.washington.edu/students/timeschd/WIN2021/psych.html,PSYCH302,NEUROSCIENCE OF MIND,NW,https://myplan.uw.edu/course/#/courses/PSYCH302
Psychology (PSYCH),PSYCH,https://www.washington.edu/students/timeschd/WIN2021/psych.html,PSYCH305,ABNORMAL PSYCHOLOGY ,I&S,https://myplan.uw.edu/course/#/courses/PSYCH305
Psychology (PSYCH),PSYCH,https://www.washington.edu/students/timeschd/WIN2021/psych.html,PSYCH306,DEVELOPMENTAL PSYCH ,I&S,https://myplan.uw.edu/course/#/courses/PSYCH306
Psychology (PSYCH),PSYCH,https://www.washington.edu/students/timeschd/WIN2021/psych.html,PSYCH315,UNDRSTD STATS PSYCH ,QSR,https://myplan.uw.edu/course/#/courses/PSYCH315
Psychology (PSYCH),PSYCH,https://www.washington.edu/students/timeschd/WIN2021/psych.html,PSYCH317,PSYCH PROB & STAT,QSR,https://myplan.uw.edu/course/#/courses/PSYCH317
Psychology (PSYCH),PSYCH,https://www.washington.edu/students/timeschd/WIN2021/psych.html,PSYCH318,STAT INFERENCE,QSR,https://myplan.uw.edu/course/#/courses/PSYCH318
Psychology (PSYCH),PSYCH,https://www.washington.edu/students/timeschd/WIN2021/psych.html,PSYCH330,LAB ANIMAL BEHAVIOR ,NW,https://myplan.uw.edu/course/#/courses/PSYCH330
Psychology (PSYCH),PSYCH,https://www.washington.edu/students/timeschd/WIN2021/psych.html,PSYCH331,LAB HUMAN COGNITION ,I&S,https://myplan.uw.edu/course/#/courses/PSYCH331
Psychology (PSYCH),PSYCH,https://www.washington.edu/students/timeschd/WIN2021/psych.html,PSYCH332,NEUROBEHAVIORAL LAB ,NW,https://myplan.uw.edu/course/#/courses/PSYCH332
Psychology (PSYCH),PSYCH,https://www.washington.edu/students/timeschd/WIN2021/psych.html,PSYCH333,SEN/PERCPT PROCESS,NW,https://myplan.uw.edu/course/#/courses/PSYCH333
Psychology (PSYCH),PSYCH,https://www.washington.edu/students/timeschd/WIN2021/psych.html,PSYCH334,LAB-SOCIAL PSYCH,I&S,https://myplan.uw.edu/course/#/courses/PSYCH334
Psychology (PSYCH),PSYCH,https://www.washington.edu/students/timeschd/WIN2021/psych.html,PSYCH345,SOCIAL PSYCHOLOGY,I&S,https://myplan.uw.edu/course/#/courses/PSYCH345
Psychology (PSYCH),PSYCH,https://www.washington.edu/students/timeschd/WIN2021/psych.html,PSYCH350,H-RSCH SEM IN PSYCH ,,https://myplan.uw.edu/course/#/courses/PSYCH350
Psychology (PSYCH),PSYCH,https://www.washington.edu/students/timeschd/WIN2021/psych.html,PSYCH408,NEUROETHOLOGY,NW,https://myplan.uw.edu/course/#/courses/PSYCH408
Psychology (PSYCH),PSYCH,https://www.washington.edu/students/timeschd/WIN2021/psych.html,PSYCH410,CHLD/ADDL BEHAV DIS ,I&S,https://myplan.uw.edu/course/#/courses/PSYCH410
Psychology (PSYCH),PSYCH,https://www.washington.edu/students/timeschd/WIN2021/psych.html,PSYCH431,ECOPSYCHOLOGY,I&S,https://myplan.uw.edu/course/#/courses/PSYCH431
Psychology (PSYCH),PSYCH,https://www.washington.edu/students/timeschd/WIN2021/psych.html,PSYCH436,DEVEL/SPORT COMPETN ,I&S,https://myplan.uw.edu/course/#/courses/PSYCH436
Psychology (PSYCH),PSYCH,https://www.washington.edu/students/timeschd/WIN2021/psych.html,PSYCH447,PSYCH OF LANGUAGE,VLPA/I&S,https://myplan.uw.edu/course/#/courses/PSYCH447
Psychology (PSYCH),PSYCH,https://www.washington.edu/students/timeschd/WIN2021/psych.html,PSYCH448,TOPICS PSYCH SCIENCE,,https://myplan.uw.edu/course/#/courses/PSYCH448
Psychology (PSYCH),PSYCH,https://www.washington.edu/students/timeschd/WIN2021/psych.html,PSYCH449,ORGZNL/INDUST PSYCH ,I&S,https://myplan.uw.edu/course/#/courses/PSYCH449
Psychology (PSYCH),PSYCH,https://www.washington.edu/students/timeschd/WIN2021/psych.html,PSYCH450,H-RSCH SMNR PSYCH,,https://myplan.uw.edu/course/#/courses/PSYCH450
Psychology (PSYCH),PSYCH,https://www.washington.edu/students/timeschd/WIN2021/psych.html,PSYCH483,WRITING IN PSYCH,,https://myplan.uw.edu/course/#/courses/PSYCH483
Psychology (PSYCH),PSYCH,https://www.washington.edu/students/timeschd/WIN2021/psych.html,PSYCH488,STRESS & COPING,I&S/NW,https://myplan.uw.edu/course/#/courses/PSYCH488
Psychology (PSYCH),PSYCH,https://www.washington.edu/students/timeschd/WIN2021/psych.html,PSYCH489,CLINICAL PSYCHOLOGY ,I&S,https://myplan.uw.edu/course/#/courses/PSYCH489
Psychology (PSYCH),PSYCH,https://www.washington.edu/students/timeschd/WIN2021/psych.html,PSYCH496,UNDERGRAD TEACH EXP ,,https://myplan.uw.edu/course/#/courses/PSYCH496
Psychology (PSYCH),PSYCH,https://www.washington.edu/students/timeschd/WIN2021/psych.html,PSYCH497,UNDERGRAD FIELDWORK ,,https://myplan.uw.edu/course/#/courses/PSYCH497
Psychology (PSYCH),PSYCH,https://www.washington.edu/students/timeschd/WIN2021/psych.html,PSYCH498,DIRECTED READING,,https://myplan.uw.edu/course/#/courses/PSYCH498
Psychology (PSYCH),PSYCH,https://www.washington.edu/students/timeschd/WIN2021/psych.html,PSYCH499,UNDERGRAD RESEARCH,,https://myplan.uw.edu/course/#/courses/PSYCH499
Psychology (PSYCH),PSYCH,https://www.washington.edu/students/timeschd/WIN2021/psych.html,PSYCH504,CORE CNCPT BEH NRSC ,,https://myplan.uw.edu/course/#/courses/PSYCH504
Psychology (PSYCH),PSYCH,https://www.washington.edu/students/timeschd/WIN2021/psych.html,PSYCH510,CORE CNCPTS SOC PSY ,,https://myplan.uw.edu/course/#/courses/PSYCH510
Psychology (PSYCH),PSYCH,https://www.washington.edu/students/timeschd/WIN2021/psych.html,PSYCH523,STAT CMPUTATION LAB ,,https://myplan.uw.edu/course/#/courses/PSYCH523
Psychology (PSYCH),PSYCH,https://www.washington.edu/students/timeschd/WIN2021/psych.html,PSYCH525,LINEAR MODELS,,https://myplan.uw.edu/course/#/courses/PSYCH525
Psychology (PSYCH),PSYCH,https://www.washington.edu/students/timeschd/WIN2021/psych.html,PSYCH528,PRCTL MTHDS BHV RES ,,https://myplan.uw.edu/course/#/courses/PSYCH528
Psychology (PSYCH),PSYCH,https://www.washington.edu/students/timeschd/WIN2021/psych.html,PSYCH545,ADV COGN/PERCEP,,https://myplan.uw.edu/course/#/courses/PSYCH545
Psychology (PSYCH),PSYCH,https://www.washington.edu/students/timeschd/WIN2021/psych.html,PSYCH546,ADV DEVEL PSYCH,,https://myplan.uw.edu/course/#/courses/PSYCH546
Psychology (PSYCH),PSYCH,https://www.washington.edu/students/timeschd/WIN2021/psych.html,PSYCH548,ADV QUANT PSYCH,,https://myplan.uw.edu/course/#/courses/PSYCH548
Psychology (PSYCH),PSYCH,https://www.washington.edu/students/timeschd/WIN2021/psych.html,PSYCH550,SMNR IN PSYCHOLOGY,,https://myplan.uw.edu/course/#/courses/PSYCH550
Psychology (PSYCH),PSYCH,https://www.washington.edu/students/timeschd/WIN2021/psych.html,PSYCH552,SMNR IN BEHV NEURSC ,,https://myplan.uw.edu/course/#/courses/PSYCH552
Psychology (PSYCH),PSYCH,https://www.washington.edu/students/timeschd/WIN2021/psych.html,PSYCH555,SMNR COGN/PERCEPT,,https://myplan.uw.edu/course/#/courses/PSYCH555
Psychology (PSYCH),PSYCH,https://www.washington.edu/students/timeschd/WIN2021/psych.html,PSYCH556,SMNR IN DEVELOP PSYC,,https://myplan.uw.edu/course/#/courses/PSYCH556
Psychology (PSYCH),PSYCH,https://www.washington.edu/students/timeschd/WIN2021/psych.html,PSYCH557,SMNR IN SOC/PERSON,,https://myplan.uw.edu/course/#/courses/PSYCH557
Psychology (PSYCH),PSYCH,https://www.washington.edu/students/timeschd/WIN2021/psych.html,PSYCH560,RESEARCH STRATEGIES ,,https://myplan.uw.edu/course/#/courses/PSYCH560
Psychology (PSYCH),PSYCH,https://www.washington.edu/students/timeschd/WIN2021/psych.html,PSYCH596,ADV TCHG PRACTICUM,,https://myplan.uw.edu/course/#/courses/PSYCH596
Psychology (PSYCH),PSYCH,https://www.washington.edu/students/timeschd/WIN2021/psych.html,PSYCH598,DIRECTED READING,,https://myplan.uw.edu/course/#/courses/PSYCH598
Psychology (PSYCH),PSYCH,https://www.washington.edu/students/timeschd/WIN2021/psych.html,PSYCH599,DIR RESRCH PSYCH,,https://myplan.uw.edu/course/#/courses/PSYCH599
Psychology (PSYCH),PSYCH,https://www.washington.edu/students/timeschd/WIN2021/psych.html,PSYCH600,INDEPNDNT STDY/RSCH ,,https://myplan.uw.edu/course/#/courses/PSYCH600
Psychology (PSYCH),PSYCH,https://www.washington.edu/students/timeschd/WIN2021/psych.html,PSYCH700,MASTERS THESIS,,https://myplan.uw.edu/course/#/courses/PSYCH700
Psychology (PSYCH),PSYCH,https://www.washington.edu/students/timeschd/WIN2021/psych.html,PSYCH800,DOCTORAL DISSERTATN ,,https://myplan.uw.edu/course/#/courses/PSYCH800
