department_name,department_abbr,department_url,course_num,course_name,course_credit_type,course_myplan_url
Radiation Oncology (R ONC),R ONC,https://www.washington.edu/students/timeschd/WIN2021/radonc.html,RONC499,UNDERGRAD RESEARCH,,https://myplan.uw.edu/course/#/courses/RONC499
Radiation Oncology (R ONC),R ONC,https://www.washington.edu/students/timeschd/WIN2021/radonc.html,RONC505P,P-PRADONC PRECPTSHP ,,https://myplan.uw.edu/course/#/courses/RONC505P
Radiation Oncology (R ONC),R ONC,https://www.washington.edu/students/timeschd/WIN2021/radonc.html,RONC600,INDEPENDT STDY/RSCH ,,https://myplan.uw.edu/course/#/courses/RONC600
Radiation Oncology (R ONC),R ONC,https://www.washington.edu/students/timeschd/WIN2021/radonc.html,RONC694P,P-CANCER MGMT SCCA,,https://myplan.uw.edu/course/#/courses/RONC694P
Radiation Oncology (R ONC),R ONC,https://www.washington.edu/students/timeschd/WIN2021/radonc.html,RONC699P,P-WAMI R ONC ELECT,,https://myplan.uw.edu/course/#/courses/RONC699P
