department_name,department_abbr,department_url,course_num,course_name,course_credit_type,course_myplan_url
Comparative Religion (RELIG),RELIG,https://www.washington.edu/students/timeschd/WIN2021/religion.html,RELIG120,YOGA PAST & PRESENT ,"VLPA/I&S,DIV",https://myplan.uw.edu/course/#/courses/RELIG120
Comparative Religion (RELIG),RELIG,https://www.washington.edu/students/timeschd/WIN2021/religion.html,RELIG201,"RELIGIONS,WESTERN",I&S,https://myplan.uw.edu/course/#/courses/RELIG201
Comparative Religion (RELIG),RELIG,https://www.washington.edu/students/timeschd/WIN2021/religion.html,RELIG307,RELIG & WORLD POL,I&S,https://myplan.uw.edu/course/#/courses/RELIG307
Comparative Religion (RELIG),RELIG,https://www.washington.edu/students/timeschd/WIN2021/religion.html,RELIG322,GOSPELS & JESUS,I&S,https://myplan.uw.edu/course/#/courses/RELIG322
Comparative Religion (RELIG),RELIG,https://www.washington.edu/students/timeschd/WIN2021/religion.html,RELIG430,CLAS MUSLIM WRITING ,VLPA/I&S,https://myplan.uw.edu/course/#/courses/RELIG430
Comparative Religion (RELIG),RELIG,https://www.washington.edu/students/timeschd/WIN2021/religion.html,RELIG490,SPEC TOPICS RELIG,I&S,https://myplan.uw.edu/course/#/courses/RELIG490
Comparative Religion (RELIG),RELIG,https://www.washington.edu/students/timeschd/WIN2021/religion.html,RELIG502,RELIG IN COMP PERSP ,,https://myplan.uw.edu/course/#/courses/RELIG502
Comparative Religion (RELIG),RELIG,https://www.washington.edu/students/timeschd/WIN2021/religion.html,RELIG590,SPEC TOPICS RELIG,,https://myplan.uw.edu/course/#/courses/RELIG590
Comparative Religion (RELIG),RELIG,https://www.washington.edu/students/timeschd/WIN2021/religion.html,RELIG598,COMPARATIVE RELIGION,,https://myplan.uw.edu/course/#/courses/RELIG598
