department_name,department_abbr,department_url,course_num,course_name,course_credit_type,course_myplan_url
Prosthetics and Orthotics (RHB PO),RHB PO,https://www.washington.edu/students/timeschd/WIN2021/rhbpo.html,RHBPO502,PROF & PRACT ISSUES ,,https://myplan.uw.edu/course/#/courses/RHBPO502
Prosthetics and Orthotics (RHB PO),RHB PO,https://www.washington.edu/students/timeschd/WIN2021/rhbpo.html,RHBPO515,UL ORTHOTICS,,https://myplan.uw.edu/course/#/courses/RHBPO515
Prosthetics and Orthotics (RHB PO),RHB PO,https://www.washington.edu/students/timeschd/WIN2021/rhbpo.html,RHBPO530,LL ORTHOTICS III,,https://myplan.uw.edu/course/#/courses/RHBPO530
Prosthetics and Orthotics (RHB PO),RHB PO,https://www.washington.edu/students/timeschd/WIN2021/rhbpo.html,RHBPO531,LL ORTHO III CLIN,,https://myplan.uw.edu/course/#/courses/RHBPO531
Prosthetics and Orthotics (RHB PO),RHB PO,https://www.washington.edu/students/timeschd/WIN2021/rhbpo.html,RHBPO534,SPINAL ORTHOTICS II ,,https://myplan.uw.edu/course/#/courses/RHBPO534
Prosthetics and Orthotics (RHB PO),RHB PO,https://www.washington.edu/students/timeschd/WIN2021/rhbpo.html,RHBPO561,CLIN ROTATION I,,https://myplan.uw.edu/course/#/courses/RHBPO561
Prosthetics and Orthotics (RHB PO),RHB PO,https://www.washington.edu/students/timeschd/WIN2021/rhbpo.html,RHBPO583,EBP I,,https://myplan.uw.edu/course/#/courses/RHBPO583
