department_name,department_abbr,department_url,course_num,course_name,course_credit_type,course_myplan_url
Slavic Languages and Literatures (SLAVIC),SLAVIC,https://www.washington.edu/students/timeschd/WIN2021/slavic.html,SLAVIC110,SLAVIC LANGUAGES,VLPA,https://myplan.uw.edu/course/#/courses/SLAVIC110
Slavic Languages and Literatures (SLAVIC),SLAVIC,https://www.washington.edu/students/timeschd/WIN2021/slavic.html,SLAVIC320,EAST EUR FICTION,VLPA,https://myplan.uw.edu/course/#/courses/SLAVIC320
Slavic Languages and Literatures (SLAVIC),SLAVIC,https://www.washington.edu/students/timeschd/WIN2021/slavic.html,SLAVIC426,WAYS OF FEELING,VLPA/I&S,https://myplan.uw.edu/course/#/courses/SLAVIC426
Slavic Languages and Literatures (SLAVIC),SLAVIC,https://www.washington.edu/students/timeschd/WIN2021/slavic.html,SLAVIC498,SENR HONORS THESIS,VLPA,https://myplan.uw.edu/course/#/courses/SLAVIC498
Slavic Languages and Literatures (SLAVIC),SLAVIC,https://www.washington.edu/students/timeschd/WIN2021/slavic.html,SLAVIC499,DIRECTED STUDY/RSCH ,,https://myplan.uw.edu/course/#/courses/SLAVIC499
Slavic Languages and Literatures (SLAVIC),SLAVIC,https://www.washington.edu/students/timeschd/WIN2021/slavic.html,SLAVIC600,INDEPNDNT STDY/RSCH ,,https://myplan.uw.edu/course/#/courses/SLAVIC600
Slavic Languages and Literatures (SLAVIC),SLAVIC,https://www.washington.edu/students/timeschd/WIN2021/slavic.html,SLAVIC800,DOCTORAL DISSERTATN ,,https://myplan.uw.edu/course/#/courses/SLAVIC800
