department_name,department_abbr,department_url,course_num,course_name,course_credit_type,course_myplan_url
University Conjoint Courses (UCONJ),UCONJ,https://www.washington.edu/students/timeschd/WIN2021/uconjoint.html,UCONJ530,INDIAN HEALTH,,https://myplan.uw.edu/course/#/courses/UCONJ530
University Conjoint Courses (UCONJ),UCONJ,https://www.washington.edu/students/timeschd/WIN2021/uconjoint.html,UCONJ531,INTRO MIND/BODY MED ,,https://myplan.uw.edu/course/#/courses/UCONJ531
University Conjoint Courses (UCONJ),UCONJ,https://www.washington.edu/students/timeschd/WIN2021/uconjoint.html,UCONJ550,COMMUNITY HLTH CARE ,,https://myplan.uw.edu/course/#/courses/UCONJ550
University Conjoint Courses (UCONJ),UCONJ,https://www.washington.edu/students/timeschd/WIN2021/uconjoint.html,UCONJ599,CLIN RESEARCH SEM,,https://myplan.uw.edu/course/#/courses/UCONJ599
University Conjoint Courses (UCONJ),UCONJ,https://www.washington.edu/students/timeschd/WIN2021/uconjoint.html,UCONJ624,ORGANIZING FOR HLTH ,,https://myplan.uw.edu/course/#/courses/UCONJ624
University Conjoint Courses (UCONJ),UCONJ,https://www.washington.edu/students/timeschd/WIN2021/uconjoint.html,UCONJ646,INTRO ADVOC HLTH PRO,,https://myplan.uw.edu/course/#/courses/UCONJ646
